id,category,tokens
phishing_대출 사기형_12,대출 사기형,웰컴 주주 문자 문자 문자 성함 최대 이용 가능 문자 가능 상품 대출 대체 상품 마이너스 저금리 이용 마이너스 가요 이용 한도 이율 등급 조금 차등 조회 문자 발송 대출 보결 가능 상품 금액 마이너스 표시 일반 마이너스 승인 허락 얼마 시간 일반 연동 체크카드 체크카드 하루 출금 금액 얼마 예전 체크카드 체크카드 체크카드 자동 하향 체크카드 가능 체크 연동 가요 연동 승인 승인 시간 시간 소요
phishing_대출 사기형_13,대출 사기형,보관 국민 연행 적금 장기 예산 통신 신설 평점 이상 목표 이상 필요 대출 기간 추천 단시간 점수 단양 채무 상환 능력 평가 이야기 채무 상환 능력 신규 대출 발생 상환 자금 일시 상환 기록 자금 필요 대출 능력 판단 점수 방식 대출 이내 상환 차이 조금 평점 대출 상환 생각 마라 조건 문제 이해 평균 부족 신규 대출 발생 상환 평점 보완 방식 가능 공인 행복 기금 공인 행복 기금 국민은행 국민 행복 기금 상품 국민 행복 기금 국민 행복 기금 국민 행복 기금 마포 지점 마포 지점 통화 대표 대표 대표 대표 대표 국민 행복 기금 국민 행복 기금 상품 이름 국민은행 예신 영업부 국민은행 예신 영업부 국민은행 국민은행 지점 마포 지점 마포 지점 통화 대표 대표 대표 국민 행복 기금 국민 행복 기금 상품 이름 국민은행 예신 영업부 국민은행 예신 영업부 국민은행 국민은행 지점 마포 지점 마포 지점 통화 대표 대표 대표 대표 서울 서울 공인 시작 핸드폰 대표 공인 공인 대표 생각 생각 생각 대출 자체 이해
phishing_대출 사기형_15,대출 사기형,감사 체제 대리 체제 연결 체제 대리 외근 사기 신고 사기 사기 보이스 피싱 사기 경찰 신고 경찰 신고 사기 대포통장 이용 체제 대리 체제 대리 날짜 퇴사 날짜 퇴사 날짜 대출 거래 유도 한도 한도 거래 내역 거래 사람 입금 출금 출금 출금 수건 인출 얼마 얼마 생각 외근 외근 외근 생각 경찰서 경찰서 직급 정지 처벌 피해자 경찰 얘기 출책 경찰 벌금 징역 신고 신고 경찰서 아침 연결 연결 연결 체제 대리 퇴사
phishing_대출 사기형_17,대출 사기형,통화 전산 심사 전산 승인 통화 부결 사항 취소권 부결 승인 승인 부결 만약 부결 부결 환급 승인 취소권 입금 얘기 환불 절차 환불 대출금 입금 입금 환급 사람 사나 입금 납부 증명서 납부 증명서 해당 요청 수요일
phishing_대출 사기형_22,대출 사기형,조치근 심사 결과 통화 메모 가능 심사 낙부 금액 정확 금액 원금 이자 예정 설정 동의 약정 며칠 대출 약정 원금 이자 납부 날짜 며칠 날짜 설정 가능 설정 가능 며칠 날짜 약정 동의 연동 예자 연말 지연 예정 연동 예자 국민은행 지급 보증 비용 납부 가능 자동 출금 이체 증서 발행 의사 이체 송금 회사 이름 회사 이름 대자 개인 실명 팀장 이상 팀장 성함 개인 확정 승인서 대출 개인 작년 법인 설정 가능 예측 과정 문제 사항 가속화 발생 그때 책임 회피 형식 팀장 이상 지정 나중 반환 이해 핸드폰 휴대폰 성함 김민철 통화 가능 업무 시간 휴대폰
phishing_대출 사기형_24,대출 사기형,본점 대출금 승인 본점 자금 송달 대출 과장 결제 전달 대출금 송금 대출금 당부 동안 지점 관리 다음 이후 본점 본점 집중 관리 잔고 정리 동안 상환 제면 실적 순번 본점 잔고 증명 대출금 환급 환급 체크 매입 비용 월요일 나머지 비밀 부탁 우체국 국민은행 지원 자금 수납 자분 수납 자분 서울 거주 나이 고모 아이 고모 서울 거주 고모 일전 얘기 정상 모니터링 직원 연말 실적 문제 무단 가능 연말 정상 서울 거주 고모 대출 중간 중간
phishing_대출 사기형_33,대출 사기형,가능 메모 전산 이관 요청 다음 기업 납부 증명서 요청 전산 납부 납부 증명서 납부 요청 센터 채권 회수 요청 채권 회수 비행기 납부 납부 전산 이관 요청 요청 지인 비행기 상환 이번 인척 관계 대출 대출 대출 얘기 등급 관리 다음 관리 대출 대출 우회 전산 이관 전산 이관 말장 소용 채권 회수 대출 배정 납부 전산 이관 요청 내일 금요일 회사 자금 잠시 정리 전산 이관 요청 다음 우회 염초 구정 지인 대출 금액 업계 금액 원이 뒷자리 납부 이자 이자 긍정 생각 청구 납부 납부 납부 다음 감사
phishing_대출 사기형_34,대출 사기형,대출 문구 당일 만기 상환 제도 대출금 이자 원금 납부 전산 이자 원금 납부 의미 초과 기존 대출 완납 전산 중간 만약 캐피탈 롯데 캐피탈 대출 완납 완납 대출 발생 당일 만기 상환 제도 당일 만기 상환 제도 캐피탈 대출 카드 카드 대출 당사 대출 저녁 오전 카드 대출금 카드 카드 기업 납부 증명서 요청 하루 대출 카드 동안 이자 원금 납부 공문 요청 공문 첨부 조건부 승인 카드 등급 상향 등급 상향 납부 전사 임의 캐피탈 만약 가정 임의 캐피탈 센터 필요 공문 요청 캐피탈 공문 요청 상환 캐피탈 공문 공문 요청 다음 납부 요청 캐피탈 정리 정리 걱정 캐피탈 다음 이자 선납 완납 공문 요청 김재성 대리 공문 김재성 대리 통화 다음 김재성 대리
phishing_대출 사기형_35,대출 사기형,캐피탈 채권 회수 채용 과장 수고 농협 요청 주민 앞자리 자리 부탁 기대 이용 농협 중앙 공문 접수 전산 이관 요청 기업 납부 증명서 요청 공문 자금 전액 상환 농협 저금리 대출 요즘 일금 대출 상담 신규 대출 기존 대출 상환 다음 상환 능력 대출 사례 요청 공문 사례 유사 요청 기업 납부 증명서 전산 이관 요청 상환 공문 상환 상태 상환 상환 절차 잠시 채권 회수 중도 상환 금액 가능 금액 납부 기업 열람 메모 가능 기업 납부 부산 열람 요청 채권 회수 납부 요청 배정 열람 열람 시간 농협 오전 열람 납부 납부 인터넷 거래 인터넷 뱅킹 납부 기업 기업 열람 납부 납부 감사
phishing_대출 사기형_36,대출 사기형,처음 고향 경기도 일산 경기도 일산 핸드폰 핸드폰 상환금 관계 오빠 친오빠 얘기 목적 현금 필요 얘기 남편 사업 오빠 사업 자금 얘기 입금 우체국 이체 정상 이체 다음 선생 학생 전문가 전문가 얘기 이동 부탁 상환 전산 상환금 클레임 다음 창구 직원 평점 작업 얘기 업무 사람 사람 기인 대기 이상 이상 화장실 대기 만약 창고 사람 현금 얼마 수표 얼마 얘기 실사 직원 동선 직원 이동 직원 현장 걱정 업무 창고 직원 업무 중요 작업 월요일 월요일 월요일 시티 대출 작업 명시 업무 전산 최초 입금 대기 대기 시간 음악 다음 개인 볼일 이후
phishing_대출 사기형_37,대출 사기형,승인 근저 소비 대책 계약 증서 증서 비용 공증 비용 그때 결정 승인 이율 승인 증서 증서 비용 증서 비용 나중 비용 비용 아버님 플란트 증서 비용 비용 선출 증서 비용 현금 플란트 비용 필요 이후 증서 증서 예전 예전 연대보증 연대보증 제도 폐지 증서 연대보증 제도 폐지 이후 증서 다음 평점 등급 등급 증서 승인 평점 우회 평점 거래 내역 급여 잠시 설명 잠시 입출금 활성 노격 사업 국민은행 급여 통장이 입출금 평점 평점 만약 인출 계산 평점 순간 평점 플란트 평점 평점 플란트 공증 만약 공증 평점 공증 공증 공증 비용 공증 예전 공증 비용 공증 비용 증서 다음 대출 증서 대출 공증 비용 공증 비용 대출 이자 소득 공증 비용 대신 납부 공증 대출 증비 손실 정책 공증 비용 자부담 대출
phishing_대출 사기형_39,대출 사기형,테스트 계약 접수 수도 테스트 결과 예정 저녁 계약 마무리 접수 비밀 성함 부탁 생년월일 자리 부탁 기사 기사 주소지 부탁 세대 호수 중간 카드 현금 물품 배송 금지 품목 카드 포장 기사 박스 포장 카드 포장 박스 포장 운동 박스 사이즈 운동 박스 운동 박스 체크카드 마그네 손상 잡지 신문 이용 책갈피 상자 무게 의심 상자 공간 신문지 책자 주변 물건 걸레 의심 물품 박스 테이프 상자 중간 박스 포장 시간 예상 포장 다음 부탁 사무실 섭외 접수 포장 박스 외관 상태 내용물 무게 감이 물품 품목 접수 품목 접수 접수 사무실 대략 포장 통화 감사
phishing_대출 사기형_40,대출 사기형,통화 결과 사태 발생 경찰 경찰서 신고 신고 사람 완전 개떡 사기 납득 납득 거짓 거짓 통화 통화 센터 통화 반대쪽 반대쪽 입금 입금 센터 센터 사람 범죄자 신고 통화 경찰서 통화 녹지 신고 신고 사람 병신 취급 정식 이상 경찰 신고 경찰 신고 신고 신고 신고 신고 보이스 피싱 신고 보이스 피싱 장난 통화 무고죄 신고 나중 통화
phishing_대출 사기형_46,대출 사기형,대출 보증 보증 보증 보증 만약 보증 단순 변심 얘기 기록 얘기 여자 협박 얘기 이름 핸드폰 핸드폰 여자 협박 얘기 이름 핸드폰 핸드폰 성함 과장 과장 부서 요청 조의 여자 여자 성함 얘기
phishing_대출 사기형_49,대출 사기형,대출 생활 자금 결제 자금 필요 카드 당일 대출 가능 카드 카드 카드 이용 신한 신한 한도 잔액 한도 나이 제한 나이 나이 자금 나이 신한 나이 신한 가능 상품 카드 필요 이용 중요 이율 분할 납부 가능 최장 가능 선택 이율 상담원 김미정 내요 동명이인 성함 접수 이율 한도 접수 신사 이율 조건 이용 부탁 통신 관계 조건 그때 결정 접수 카드 대출 이내 감사
phishing_대출 사기형_53,대출 사기형,김민수 대리 문제 자금 금요일 월요일 오전 상환 시간 납부 시간 자금 월요일 오전 출근 자금 송금 계약서 체결 월요일 자금 자금 설정 농협 자금 송금 거래 역서 개인 정보 보호법 개인 정보 보호법 거래 역서 블라인드 잠시 걱정 자금 송금 뉴욕 기간 계약서 체결 선택 최장 기간 설정 가능 일부 변경 일부 변경 가능 이상 납부 도상환 수수료 발생 자금 융통 완납 이자 납부 방식 선택 원금 이자 납부 거치 원금 만기 일시 상환 이자 납부 이자 납부 이자 발생 약정 이자 이자 납부 최장 기간 연체 납부 대출 기간 연장 가능 최장 연장 가능 여유 생각 원금 만기 일시 상환 납부 마음 이자 납부 계약서 체결 설정 월요일 자금 자금 계약서 체결 팩스 얘기 팩스 팩스 자필 작성 계약서 팩스 계약서 이전 가능 가능 걱정 자금 큰일 매뉴얼 문제 케어 걱정 계약서 계약서 감사
phishing_대출 사기형_54,대출 사기형,가요 캐피탈 이중 보장 담자 흥구 대리 그날 자동 송금 자동 잠시 제환 체크 금액 가요 최종 송금 금액 부탁 잠시 농협 계약서 보관 인지 송금 송금 반전 인지 절차 가요 송금 직전 송금 양해 부탁 최종 승인 설명 인지 절차 담보 대출 대출 마이너스 해산 상품 자체 금리 적용 금리 변경 사안 시간 금리 고정 다행 대부분 금리 금리 개정 기존 고금리 대출 상품 자체 계약서 연체 연체 금리 최대 사체 수준 금리 절차 상환 기간 동안 변동 금리 만기 확정 고정 금리 이용 도움 이해 인지세 마이너스 대출 해산 상품 자체 적용 금리 변동 사항 시간 금리 고정 다행 대부분 금리 금리 개정 기존 고금리 대출 상품 자체 계약서 연체 연체 금리 최대 사체 수준 금리 절차 상환 기간 동안 변동 금리 만기 확정 고정 금리 이용 도움 이해 송금 시간 인지세 인지세 대출 자금 금액 인지 자체 부담 대출 결과 보호 출금액 인지 대출금 수령 만약 환급 연체 자금 연체금 연체 연체 그때 절차 자금 자동 송금 도움 자금 송금 통신 납부 금리 인지세 자금 개정 감독원 자금 환불 납부 자금 무소 방문 이출 시간 환불 인지세 납부 현지 캐피탈 세무 대임 납부 얘기 지수 등기 대출 자금 전산 통화 통화 이진구 과장
phishing_대출 사기형_55,대출 사기형,가산금 액도 상환 방식 원금 이자 납부 이자 납부 중도 상환 수수료 일부분 전액 자유 상환 가능 금액 소액 고액 고액 이자 상환 방식 방식 이자 상환 원금 여유 상환 상환 부담 처음 기간 최대 단위 연장 가능 연체 계산 이자 나중 최종 심사 결과 결정 변동 상품 접수 과정 다음 상담 가능 대신 제출 나중 수령 방문 수령 산관 이용 보증서 발행 조건 수령 산관 이용소 홈페이지 회원 가입 공인 증서 문자 이름 회원 퇴근 주말 회원 가입 상담 업무 오후 핸드폰 공개 거래 인근 방문 대출 개척 명함 핸드폰 공개 상품 정부 지원금 상품 홍보 정확 상품 보증서 발행 수수료 발생 자산관리 용소 부담 부담 예전 상담 악용 위주 최종 승인 보증 수수료 수령 가능 전적 감사 핸드폰 공개 다음 그때 공개 가능 핸드폰 나중 대출 상담 성함 오종태 상담 사고 상담 대출 상담 농협 나중 신한은행 대출 조건 상품 문자 농협 중앙 회로 가요 단위 농협 중앙 회로 농협 중앙 단위 농협 단위 농협 상품
phishing_대출 사기형_62,대출 사기형,회사 자금 회수 회사 입금 외부 경리 생각 자금 관리 현장 출근 현장 퇴근 근무 시간 오전 오후 생각 근무 시간 오전 생각 작성 오전 출근 출근 현장 출근 지지 서울 지역 그날 그날 출근 장소 요즘 서울 근만 전철 시간 시간 사무실 필요 현장 근무 현장 퇴근 생각 하루 배정 업체 배정 하루 회사 자금 회수 회사 입금 횟수 자체 하루 회사 회사 사업 사업 거래 내역 수수료 회사 수수료 수수료 관계 영업 영업부 영업 필요 거래 대상 거래 내역 의뢰 이유 사업 사업 부가세 신고 이번 분기 현금 매출 공고 금액 사업체 양도 매출 권리금 내역 사업 용도 다양 관여
phishing_대출 사기형_70,대출 사기형,안녕 친애 저축 법인 센터 상담원 오윤정 타사 금리 이용 자금 이번 금리 부채 통합 추가 자금 지원 상품 연체 기존 대출 등급 가능 친애 저축 친애 저축 자금 금리 이용 자금 오윤정 상담 요청 상담원 성함 문자 발송 요즘 개인 정보 유출 중개 업체 문제 신상 이번 홍보 기간 금리 상담 컴퓨터 숫자 조합 중개 업체 친애 저축 문자 메시지 발송 다음 상담 친애 저축 지점 설정 설정
phishing_대출 사기형_73,대출 사기형,감사 오전 상환 입금 잠시 상환 자분 성함 강신기 잠시 입금 캐피탈 입금 상환 일부 상환 상환 잠시 성함 생년월일 여차 부탁 잠시 상환 전액 상환 입금 상환 잔금 내일 이관 보이스 피싱 강신기 이름 입금 강신규 강신규 상담 강신규 잠시 상담 상담 조치 다음 입금 정상 다음 금액 잠시 이체 불편 내일 이관 상환 정상 다음 전산 기록 삭제 요청 보이스 피싱 감신 이름 입금 강신규 강신규 상담 잠시 상담 상담 조치 다음 입금 정상 다음 금액 잠시 이체 불편 내일 이관 상환 정상 다음 전산 기록 삭제 요청
phishing_대출 사기형_74,대출 사기형,안녕 배정 상품 설명 접수 국민 행복 기금 한국 자산관리 공단 지원 자금 한도 최대 가능 금리 최저 등급 평점 차등 적용 자금 마이너스 자금 마이너스 접수 담임 조건 문제 가능 불량자 개인 회생 파산 관제 해당 사항 접수 가능 정확 접수 정보 질문 가수 난도 금리 산출 도음 직장 인사 운영 직장 부동산 투자 투자 회사 근무 얼마 월급 월급 기본급 임시 보험 리원 신용카드 이용 신용카드 카드 이용 카드 시티 카드 롯데카드 롯데카드 인터넷 뱅킹 이용 인터넷 뱅킹 인터넷 뱅킹 이용 이용 당사 당사 체크 이용 당사 국민은행 이용 국민은행 이용 인터넷 뱅킹 당사 체크 이용 금리 나이트 국민은행 대출 이용 대출 당사 자금 연도 연도 주택 투자 주택 자금 주택 자금 생활 자금 한도 최대 한도 거주지 경기도 성남시 분당구 성남시 분당 성함 개인 정보 보호법 동의 개인 정보 수집 열람 기록 보호 안심 휴대폰 명의 정보 감사 가승 한도 금리 해결 잠시 가승 한도 금리 산출 가승 한도 금리 산출 심사 거로 접수 도움 접수 오전 심사 심사 최종 승인 결정 거주 지역 현금 인출 의뢰 국민은행 지점 배정 지참 국민은행 지점 방문 필요 필요 국민은행 심사 최종 승인 결정 필요 승인 프로 사항 사항 이정호 대리 친절 상담 결과 국민은행 이정호 대리
phishing_대출 사기형_75,대출 사기형,동생 마지막 엄마 목소리 엄마 엄마 동생 아저씨 필요 엄마 아저씨 동생 손가락 눈깔 동영상 똑똑이 아저씨 동생 엄마 아빠 모바일 뱅킹 엄마 아빠 동생 제자 잠시 종이 엄마 메모 대가리 개새 이체 모바일 뱅킹 텔레 뱅킹 인터넷 뱅킹 엄마 약속 기계 현금 인출 이체 시간 얼마 근처 농협 엄마 어머니 마야 이름 아저씨 아저씨 남자 남자 약속 목소리 아저씨 약속 약속 아저씨 남자 남자 아저씨 약속 동생 엄마 목소리 말투
phishing_대출 사기형_77,대출 사기형,대출금 수령 기업 기업 평생 잠시 농협 캐피탈 대출 정상 녹취 통화 가요 대출금 동시 등기우편 자택 자택 직장 직장 직장 주소지 부탁 대출금 동시 등기우편 자택 자택 직장 직장 직장 주소지 부탁 대출금 동시 등기우편 자택 자택 직장 직장 직장 주소지 부탁 대출금 동시 등기우편 자택 자택 직장 직장 직장 주소지 부탁 대출금 동시 등기우편 자택 자택 직장 직장 직장 주소지 부탁 대출금 동시 등기우편 자택 자택 직장 직장 직장 주소지 부탁 자택 주소지 부탁 녹취 통화 가능 녹취 시작 성함 주민 자리 부탁 감사 상환 방식 매달 상환 상환 금액 설명 상환 방식 원리금 균등 분할 상환 방식 적용 금리 유향 상환 기간 납부 상환 금액 결제 결제 이틀 상환 문자 발생 상환 연체 납기 이후 상환 금액 가산세 부과 상환 날짜 상환 문자 발생 유의 연체 상환 납입 중도 상환 이후 가능 중도 상환 별도 수수료 발생 이해 대출금 기업 평생 대출금 등기우편 등기우편 대출 약정서 대출 약정서 자필 서명 자필 서명 누락 위조 자동 계약 해지 방문 시간 장소 자택 회사 발송 녹취 동의 동의 효력 발생 피해 유출 문제 금감원 손해배상 청구 소송 녹취 성함 주민 자리 부탁 감사 방식 매달 상환 상환금 설명 상환 방식 원리금 균등 분할 상환 방식 적용 금리 유향 상환 기간 납부 상환 금액 결제 결제 이틀 상환 문자 발생 상환 연체 납기 이후 상환 금액 가산세 부과 상환 날짜 상환 문자 발생 유의 연체 상환 납입 중도 상환 이후 가능 중도 상환 별도 수수료 발생 이해 대출금 기업 평생 대출금 등기우편 등기우편 대출 약정서 대출 약정서 자필 서명 자필 서명 누락 위조 자동 계약 해지 방문 시간 장소 자택 회사 발생 녹취 동의 동의 효력 발생 피해 유출 문제 금감원 손해배상 청구 소송 녹취
phishing_대출 사기형_80,대출 사기형,등급 하락 이내 대출 계약 철회 등급 문제 대출 얘기 대출 얘기 대출 대출 얘기 고의 편법 대출 승인 승인 가능 대출 정부 상품 웰컴 저축 납부 공문 접수 웰컴 지점 국민은행 지점 설명 자금 융통 공문 접수 상환 대출 전산 이관 대출 가능 저축 캐피탈 공문 접수 접수 용품 자료 데이터 조정 공문 공문 동의 전산 자료 공문 접수 다음 대출 최종 승인 지점 그때 연결 지점 동네 동네 동네 지점 연결 사원 다음 전산 자료 전산 자료 토대 대출 본부 저축 등간 입주 여의도 도동 얘기 다음
phishing_대출 사기형_83,대출 사기형,가능 금감원 환급 금감원 금감원 환급 금감원 세무 대행 배정 수납 환급 가능 상태 취소 환급 금감원 금감원 가능 의심 환급 의도 환급 환급 의심 법무 개별 의심 입금 수납 금감원 환급 입금 진액 입금 나머지 금액 금감원 환급 진영 의사 취소 절차 얘기 이상 설득 취소 취소 보이스 피싱 유형 네이버 현대캐피탈 보이스 피싱 유형 일자 이후 상품 이전 사고 접수 법무 진짜 취소 법무 금감원
phishing_대출 사기형_92,대출 사기형,홈페이지 대출 필요 필요 자금 대출 필요 대출 필요 캐피탈 이상 직장인 직장인 직장 근무 보험 적용 급여 대출 가능 연봉 월급 얼마 가능 성함 자금 필요 얼마 필요 카드 카드 이용 최근 대출 최근 대출 근래 카드 카드 이용 신용카드 삼성 카드 삼성 카드 이용 카드 이용 마지막 대출 조회 기록 카드 가능 조회 기록 카드 얘기 카드 대출 가능 조회 카드 얘기 카드 한도 대출 결제 생활 자금 가능 삼성 카드 이용 삼성카드 제휴 카드 가능 당일 결제 생활 자금 카드
phishing_대출 사기형_98,대출 사기형,카드 통합 채권 관리 부서 열람 사장 동의 전산 기관 공문 요청 전산 열람 다음 사장 사장 납부 기업 납부 증명서 납부 사장 우편 대출 입금 대신 신한은행 국민은행 양쪽 통화 납부 카드 삼성 현대 채권 관리 부서 공문 사장 통화 전산 열람 납부 금액 납부 일반 상환 일반 상환 사장 부채 상환 내역 기록 자체 당일 전산 입력 가출 가능 대리 채권 관리 부서 회계 열람 납부 사장 카드 중간 업무 대신 지원 납부 증명서 사장 도움 얘기 사장 사금 일반 자금 현금 자금 저금리 사장 자금 영업 입장 최대한 도움 외삼촌 지인 설정 도움 부결 설명 대출 그때 대출 가능
phishing_대출 사기형_99,대출 사기형,심사 직장 근무 대출 자금 카드 연체 우량 국민은행 긍정 평가 반면 전산 현금 서비스 빈도 과다 최종 상환 능력 평가 미달 부결 현금 서비스 수액 긴급 자금 서비스 대출 소득 현금 서비스 카드 현금 전산 자금 부족 판단 상환 능력 평가 미달 부결 상환 능력 평가 국민은행 추가 자금 상환 오전 전산 상환 능력 평가 한도 금리 조건 가능 부결 다음 직무 심사 실적 연체 상환 신규 국민은행 본점 유치 실적 반영 산상 상환 능력 평가 미달 전산 부결 전산 승인 손해 의사 상환 능력 평가 약간 편법 상환 능력 평가 예외 심사 접수 생각 가요 손해 상환 능력 평가 여부 과장 승인 평가 가능 상환 능력 평가 자금 부족 판단 부결 과장 승인 추후 설명 국민은행 자체 국민은행 과장 통화 접수 과장 일반 접수 위선 대리 실적 인척 관계 친척 이모님 접수 실적
phishing_대출 사기형_105,대출 사기형,안녕 신한은행 이정원 대리 금일 음성 메시지 마이너스 상담 문의 마이너스 마이너스 조건 조건 마이너스 대출 준비 대출 대출 연체 거래 기업 대출 내부 등급 내부 등급 다중 채무 등급 불가 얘기 직장인 사업 자분 직장 연봉 채무 채무 저축 캐피탈 캐피탈 저축 문의 가능 내부 등급 내부 등급 다중 채무 등급 불가 얘기 나이스 가능 직종 직종 직장 사무직 재직 재직 가량 연봉 작년 연말 정산 보험 적용 채무 금액 신용카드 이용 신용카드 이용 현금 서비스 카드 가요 현금 서비스 작년 작년 작년 수익 이용 캐피탈 자금 금리 프로 금리 카드 이용 카드 이용 카드 카드 금리 카드 나이스 등급 캐피탈 카드 금리 나이스 올크 레딧 차이 카드 등급 기존 사용량 한도 발생 카드 이용 결과 자금 대출 용도 생각 이자 대환 지난달 지난달 대환 일부 생산 자금 자금 대환 신규 자금 가량 조회 결과 마지막 성함 생년월일 자리 부탁 외자 정보 감사 조회 결과 주회 수요 시간 시간 시간 소요 점심 식사 이후 통화 감사 이름 연락처 문자 발송 사항 사항 감사
phishing_바로 이 목소리_58,수사기관 사칭형,고소 사건 설명 설명 설명 사이 사이 이유 수사 지난주 금요일 주범 근육 기단 검거 검거 현장 대량 카드 압수 명의 국민은행 농협 포함 여부 국민은행 여부 국민은행 농협 개설 국민은행 농협 아무것 조사 서울 개설 범죄자 동안 대포 불법 자금 세탁 이번 사건 연루 일부분 판매 일부분 개인 정보 유출 피해 이번 사건 수사 경찰청 입장 이번 사건 연루 판매 조사 오해 신고 이동욱 사기 명의 주범 근육 기단 사건 공범 신고 서울 지방 경찰청 지능 범죄 수사 핸드폰 사무실 개인 녹취 내선 녹취 조사 다음 판단 이번 사건 직접 가담자 정보 유출 피해자 여부 판단 녹음 상태 조사 통화 녹취 사건 수사 증거 자료 질문 답변 녹취 시작 동역 사건 녹취 조사 과정 서울 지방 경찰청 지능 범죄 수사 근무 이호준 수사관 피해자 이동욱 오후 분경 서울 송파구 송파동 지점 농협 개설 오후 분경 서울 강남구 역삼동 지점 국민은행 개설 타인 판매 양도 국민은행 농협 거래 거래 신한은행 신한은행 신한은행 주민 등록증 운전 면허증 분실 분실 진술 거짓 녹음 설명 이번 사건 규모 사건 수신형 피해자 금전 피해 주장 아무것 피해자 개인 정보 유출 대포 차후 범죄자 명의 개설 불법 거래 이용 절차 추적 송주 범죄자 공모 피해자 증명 피해 발생 중요 이해 조회 주장 정부 유출 피해자 조회 고함 조회 명의 거래 이용 정지 거래 이용 정지 생활 불편 가요 카드 이용 정지 피해자 가담자 정확 생활 불편 가요 예금자 보호법 예금자 보호법 미만 보호 대상 자산 요구 보유 자산 이상 이상 보유 자금 해당 대략 금액 진술 보호 수사 요청 팀장 신한은행 신한은행 적금 가요 신한은행 금액 보유 금액 얼마 신한은행 정확 금액 스마트 뱅킹 인터넷 뱅킹 전문 팀장 연결 추적 도요 성실 수사 협조 잠시 연결 메모 메모 가능 메모
phishing_수사기관 사칭형_2,수사기관 사칭형,통화 가능 주변 김명수 사람 남성 남성 명수 김명수 일당 범죄 근거 검거 경기 검거 현장 경기도 용인시 미하 우스 대량 대포통장 체크카드 압수 사건 현장 명의 통력 기업 발견 기업 농협 기업 기업 농협 농협 농협 해당 공문 요청 결과 불법 도박 사이트 자금 필리핀 마닐라 인출 정리 영등포구 당산동 당산 지점 명의 이틀 개설 타인 개설 당산 지점 당산 지점 영등포구 당산동 당산 지점 김명수 이유 개설 김명수 일당 개인 정보 유출 명의 도용 전자 피해 소환 조사법 구왕 조라 온라인 소환 조사 온라인 소환 조사법 사건 피해자 가해자 판단 사관 양쪽 혐의점 온라인 진술 조사 시행 이해 이해 이해 시발
phishing_수사기관 사칭형_4,수사기관 사칭형,서울 중앙지 첨단 범죄 수사 전원 이영진 수사관 김봉일 사람 김봉일 사람 남성 수사 김봉일 범죄 기단 검거 검거 검거 현장 대량 카드 대포 보안 카드 압수 압수 물품 김봉일 농협 발견 개설 농협 김희은 대출 명의 유순 유순 전반 이유 개설 김동일 일당 금전 대가 판매 가해자 개인 정보 유출 명의 도용 피해자 중심 조사 개설 시기 불법 현장 발견 피해자 피해 이해 피해자 가해자 조사 신분 유순 조사 과정 전반 녹취 형태 녹취 형태 이유 피해자 차후 실적 중요 자료 녹취 동의 개발 날짜 경기도 광명시 천산 지점 농협 개설 불법 현장 압수 동의 동결 동결 단어 동결 단어 농협 자리 자리 자리 앞자리 자리 앞자리 동의 근육 이름 근육 농협 앞자리 시작 신한은행 동의 이해 자리 자리 일치 동의 동결 동결 이상 불법 자금 의금 지급 중지 이해 거래 상호 명만 이유 결산 발견 김동일 일당 불법 간주 동결 개인 비밀 조사 유선 어려움 사건 인지 차후
phishing_수사기관 사칭형_8,수사기관 사칭형,고소 과정 압수 품목 통화 명의 농협 최근 지갑 신분 분실 도난 발생 카드 사나 이치 개인 정보 유출 그때 농협 개설 날짜 경기도 강릉시 철산동 개설 지인 강릉시 철산동 목소리 이유 농협 대포 케이 김태호 판매 양도 개인 정보 유출 피해 진술 개인 정보 유출 지갑 신분 도난 김태호 검거 대포 발견 주인 대가 판매 생각 직업 신분 사람 주거지 투명 사람 사람 위주 조사 신뢰 직업 근무 농협 네이버 중고 나라 사이트 고가 항공 명목 피해자 입금 물품 전달 사기 사건 법인 법인 개인 조회 법인 진술 공문 자택 공문 사건 부탁 성함 서울 중앙 지방 법원 첨단 범죄 수사 변경 수사관 공문 이름 이름 이름 이름 개명 개설 개명 얘기 예전 이름 충고 유출 공문 대표 공문
phishing_수사기관 사칭형_11,수사기관 사칭형,서울 중앙 지방 검찰청 첨단 범죄 수사 민혁 계장 메모 김동일 이유 수사 김동일 주범 군영 범죄 기단 검거 검거 당시 현장 대량 카드 대포통장 보안 카드 압수 농협 대포통장 발견 농협 농협 군인 불법 현장 발견 농협 아시 김동일 조사 김동일 단과 금전 거래 내역 통화 내역 농협 불법 제외 군인 군인 국민 국민은행 국민은행 농협 국민 농협 국민 농협 국민 군인 발견 의사 동결 동결 단어 설명 동결 불법 펀드 명의 불법 자금 불법 자금 김동일 입출금 정지 거래 정지 폐지 피해자 입증 폐지 걱정 필요 이성욱 군인 조사 이유 설명 군인 조사 당시 진술 군인 군인 발견 군인 김동일 단의 불법 관제 동결 농협 불법 제외 군인 군인 국민 국민은행 국민은행 국민 농협 국민 농협 국민 군인 발견 의사 동결 선기 나머지 휴먼 나머지 농협 용도 개설 농협 저축 적금 적금 적금 적금 일반 입출금 입출금 입출금 생각 입출금 이외 예금 주택 청약 마이너스 대출 저축 아빠 이름
phishing_수사기관 사칭형_13,수사기관 사칭형,서울 중앙 지검 범죄 수사 장민호 수사관 연루 사건 연루 사건 남성 김철수 안녕 서울 중앙 지검 범죄 수사 장민호 수사관 사건 연루 사건 명의 양도
phishing_수사기관 사칭형_14,수사기관 사칭형,통화 가능 단순 개인 정보 유출 최근 사이 신분증 면허증 여권 단어 분실 양도 카드 개인 정보 유출 사례 이유 불법 도박 업무 기단 일당 일부 검거 검거 현장 명의 부산은행 발견 압수 상당 불법 도박 자금액 동결 카드 개인 정보 유출 사례 이유 불법 도박 업무 기단 일당 일부 검거 검거 현장 명의 부산은행 발견 압수 상당 불법 도박 자금액 동결 부산 조언 불법 도박 자금액 동결 부산은행 부산은행 남성 강자 상차 호자 강상호 사람 강상호 지수 강상호 거래 실명 원칙 개설 신분증 지참 해당 무마 사건 입장 이해 이번 사건 강상호 사람 불법 도박 사이트 운영 필요 포함 전국 명의자 구매 지수 통문 경찰서 경찰서 부산 고등 검찰청 형사 김나영 수사관 부산 검찰청 내일 부산 검찰청 진술 프로그램 내일 부산
phishing_수사기관 사칭형_15,수사기관 사칭형,오셔 이번 사건 연루 혐의 검찰 조사 시간 부산광역시 연제구 법원 사건 조사 여부 판단 기본 질문 질문 피해자 질문 질문 전반 조사 과정 녹취 상태 수사 과정 강압 수사 유도 신문 허위 진술 기관 심사 재판 증거물 거짓말 부산 고검 형사 김나영 수사관 형제 사건 일문일답 조사 과정 당사자 부산 강서구 명지동 지점 부산은행 개설 부산 화요일 동료 증명 한진 명의 강서구 명의 사건 불법 부산은행 합법 거래 대구 대구 거래 국민은행 국민은행 명의 거래 마지막 거래 날짜 거래 인터넷 뱅킹 모바일 뱅킹 텔레 뱅킹 인터넷 뱅킹 모바일 뱅킹 마지막 거래 날짜 잔액 대구 개설 대략 얘기 국민은행 농협 증권 증권 입출금 일반 대구은행 국민은행 개인 경찰서 내부
phishing_수사기관 사칭형_18,수사기관 사칭형,남부 지검 범죄 기단 검거 현장 대량 카드 대포 압수 압수물 조요 명의 한부 외환은행 한부 발견 타인 명의 개설 개설 외환은행 개설 외환은행 대조 개설 개인 정보 이출 명의 피해 압수 설명 인분 이번 사건 연루 파악 사내 사건 연루자 피해자 가해자 파악 상태 해당 파악 피해 외환은행 범죄 이용 범죄 현장 압수 사건 공모 가해자 무관 피해자 여부 해체 질문 통화 가능 가요 서울 지검 서울 남부 지검 검찰청 증권 범죄 합동 수사 단의 김민정 수사관 통화 가능 가요 질문 당사자 남성 서울 성파 잠실 위치 외환은행 개설 사건 자신 개설 돌출 발견 피해자 주장 피해 터리 피해자 가정 설명 외환 가구 개설 이번 사건 수사 직원 직원 카드 직원 법체 직원 연루 파악 감독원 검찰청 사건 직원 연루 중요 명의 경로 외환은행 고도 양승희 개인 정보 대포 이심 폐기 처분 양승희 외환은행 사원 시티 외환은행 폐기 처분 등본 성공 명의 조건
phishing_수사기관 사칭형_20,수사기관 사칭형,부산 고등 검찰청 형사 김지용 수사관 사항 통화 가능 단순 사항 개인 정보 유출 최근 사이 신분증 면허증 명세 분실 타인 양도 카드 개인 정보 유출 개인 정보 유출 사례 목요일 불법 도박 기단 일당 검거 검거 현장 명의 부산은행 발견 압수 상당 불법 도박 자금 동결 부산은행 거래 남성 사람 진술 거래 실명 원칙 개설 신분증 지참 해당 부산은행 거래 유추 부산 부산 리코스 주인 관결 사건 입장 이해 이번 사건 사람 불법 도박 사이트 운영 대포 필요 포함 전국 명의자 구매 진술 통화 판매 판매 참고 양도 행위 처벌 타인 판매 사람 이하 징역 벌금형 사건 관계 이번 사건 연루 혐의 검찰 조사 부산 고검 시간 얼마 주말 평일 하와이 하와이
phishing_수사기관 사칭형_26,수사기관 사칭형,사이버 경찰청 사이버 경찰청 사이버 경찰청 서연 수사관 서연 수사관 사이버 경찰 서울 지방 경찰청 사이버 수사진 수사 사건 개인 남성 주변 이름 이유 수사 서울 마토 지역 사람 주범 사기 검거 검거 현장 대량 복제 카드 위조 주민 등록증 다수 대포 압수 감기 감기 압수 수색 선생 신분 발견 발견 대포 대포 선생 실명 개설 얼굴 대포 실질 농협 중앙 부산 거주 부산동 처음 방문 방문 서대문구 통일로 번지 서울 민원실 선생 신분증 사무실 내선 잠시 선생 땅바닥 아줌마 사니 조선족 냄새 조선족 냄새 난다 얘기 가시아 사기 가시아
phishing_수사기관 사칭형_27,수사기관 사칭형,현대 발견 농협 행과 불법 의사 동결 발견 개설 합법 이름 자리 농협 자리 자리 개설 특정 관계 발견 개설 합법 얘기 카드 발견 불법 간주 동결 얘기 필요 얘기 필요 카드 발견 불법 간주 동결 얘기 명의 개설 피해 피해 직원 성함 김민성 수사관 사이버 수사대 범죄 수사 서울 지방 서울 지방 서울 지방 경찰청 사이버 수사대 범죄 수사 이유 발견 추적 조회 실시 대통령 잠시 메모 가능 사건 사건 메모 사건 건명 이동욱 사기 사건 사건 팀장 연결 팀장 연결 사건 사건 피해자 얘기 얘기 팀장 얘기 팀장 신고 피해자 분류 전화기 잠시
phishing_수사기관 사칭형_28,수사기관 사칭형,얘기 운전 스톱 처음 얘기 출신 사람 범죄 사기 집단 두목 검거 현장 경기도 용인 대량 대포 체크카드 압수 사건 현장 명의 농협 발견 해당 공문 요청 결과 불법 도박 사이트 자금 필리핀 인출 동결 상태 선생 해당 협조 공문 요청 개설 지난해 영등포구 당산동 당산 지점 명의 이틀 개설 명의 선생 명의 명의 당산 지점 개설 이유 개설 일당 개인 정보 유출 명의 도용 피해자 소환 조사법 고항 온라인 소환 조사 온라인 소환 조사법 사건 피해자 가해자 판단 참석 온라인 진술 조사 녹취 선생 연루 인원 일부분 생활 조건 생계 선생 개인 정보 유출 피해 타인 양도 명의 도용 피해자 포함 개인 정보 유출 도주 범죄자 금전 피해 가능 이해 선생 명의 도용 사건 현장 대포통장 선생 명의 선생 명의 명의 도용 대포통장 나중 거래 피해 노출 위험 도주 범죄자 선생 개설 대포통장 이해 통화 주의 거래 인터넷 뱅킹 텔레 뱅킹 출금 입금 출금 핸드폰 문자 입출금 출금 선생 입출금 내역
phishing_수사기관 사칭형_36,수사기관 사칭형,김지연 감사 선생 신원 얘기 사람 검거 선생 명의 대신 이름 선생 선생 얘기 사람 사람 정신 이용 코로나 서울 경찰청 서울 경찰청 선생 소리 소리 선생 선생 얘기 사람 선생 소리 소리 사람 서울 경찰청 서울 경찰청 사람 서울 경찰청 서울 경찰청 사람 발음 발음 사람 녹음 녹음 소득 얘기 멍어리 소리 소리 정식 영장 통화 새끼 개새끼 경찰
phishing_수사기관 사칭형_46,수사기관 사칭형,여수 서울 지방 경찰청 고소 사건 통화 가능 이동호 사람 사이 사람 수사 지난주 금요일 이동호 검거 이동호 기단 기단 검거 검거 현장 대량 카드 압수 명의 국민 연금 농협 포함 여부 국민 연금 농협 국민 연금 농협 개설 조사 서울 개설 범죄자 동안 대포 불법 자금 세탁 이번 사건 연루 일부 판매 일부 개인 정보 유출 개설 진술 계설 동결 상태 동결 조사 신고 사기 명의 입금 이동호 기단 사건 공범 신고 이해 이번 사건 직접 가담자 정보 유출 피해자 여부 판단 통화 녹음 상태 조사 통화 녹취 사건 수사 기록 자료 질문 녹음 시작 이동호 명예 도용 사건 녹취 서울 지방 경찰청 지능 범죄 수사 박기철 수사관 장난 장난 주민 등록증 이상 장난 장난 장난 장난 수원 발발 이해 이름 생일
phishing_바로 이 목소리_1,수사기관 사칭형,녹취 자금 목소리 개입 수사 사건 수사 종료 사건 이해 학교 자택 자택 녹취 상태 녹취 기록 대신 증거 자료 채택 사건 구체 설명 사건 강기석 교회 구성 범죄 사기 사건 검거 미검 상태 사건 사건 중고 거래 사이트 고가 물건 판매 물건 금품 편취 사건 압수수색 당시 현장 명의 개설 체크카드 정과 위조 복제 포함 중고 거래 사이트 사이트 명의 이용 사이트 가입 명의 이용 가입 거래 명의 대포 복제 사기 명의 조회 출석 개설 핸드폰 공문 발송 핸드폰 조사 검찰 동결 조사 동결 거래 명의 개설 동결 이해 대포 대포 명의 사람 명의 사람 명의 가짜 출석 명의 개설 가짜 개설 명의 명의 검찰청 소환장 발부 조사 조사
phishing_바로 이 목소리_2,수사기관 사칭형,조사 통화 내역 녹취 증거 자료 채택 피해자 입증 유리 작용 녹취 사항 녹취 목소리 잡음 목소리 개입 사건 종결 사건 발설 언니 허위 진술 장소 카페 원인 사건 관여 피해자 거짓 진술 자민 수사 검사 금전 요구 개인 정보 문의 추가 발견 조회 조회 도용 자산 보호 설정 조회 자산 보호 설정 시간 이후 자산 피해 정부 피해 보전 명의 도용 타인 피해 해당 사항 인정 절차 이해 동결 동의 공범 검거 상태 추가 명의 도용 범죄 피해 방지 조치 이해 자산 보호 설정 상호 진술 거래 진술 비밀 이야기 필요 카드 카드 카드 생각 체크카드 체크카드 주식 거래 진술 비밀 이야기 필요 카드 카드 생각 체크카드 체크카드 주식 거래 옛날 주택 청약 기억 이외 발행 동결 동의 체크 부탁 체크 카드 청약 도덕 진술 자산 보호 설정 검사 협조 부탁 잠시 서울 중앙 지검 진흥 범죄 수사 김민석 검사 감사 수고
phishing_바로 이 목소리_7,수사기관 사칭형,경찰 서울 남부 지검 이유 이번 수사 과정 명의자 대다수 명의 도용 개설 코로나 사태 생활 형편 사람 금전 대가 판매 김영신 일당 단도 시분 판매 마찬가지 개인 정보 유출 명의 도용 피해 자분 여부 이해 개인 정보 사법 기원 개인 법원 녹취 단말기 녹취 수사 인지 정확 출석 김영신 사람 개설 피해자 주장 입증 피해자 증거 자료 생각 개인 정보 유선 이상 소환장 발부 출석 수사 정확 설명 이해 앞부분 집중 이해 남부 경찰 조직 범죄 수사 메모 메모 메모 판단 수사 소환장 발부 수사 시기 선의 의심 개인 정보 요청 사통 사건 사건 사건 전국 연루 이해 소속 문자 메모 메모 출석 메모 문자 핸드폰 문자 싸가지 가방
phishing_바로 이 목소리_9,수사기관 사칭형,생각 협조 판단 수사 영장 집행 통화 오전 출근 소환 조사 구속 수사 사건 명의 사건 공문 나중 시간 나중 녹취 사건 조사 오전 소환장 오전 시간 내서 출석 유선 조사 필요 조사 내일 오전 소환장 발부 사건 조회 상관 사건 조회 나중 성함 거래 역서 절차 과상 협조 절차 토요일 오전 오전 근무 소환장 오전 출석 조사 유선 소환 조사 홈페이지 공지 사항 보보 신경 연루 조사 대상 최대 사건 공문 엠바고 사건 엠바고 사건 조사 과정 신경 과학 수사 이유 결과 사건 조사 오전 소환장 오전 시간 내서 출석 유선 조사 필요 조사 내일 오전 소환장 발부 사건 조회 상관 사건 조회 나중 성함 거래 역서 절차 과정 협조 절차 토요일 오전 오전 근무 소환장 오전 출석 조사 유선 소환 조사 홈페이지 공지 사항 보보 신경 연루 조사 대상 최대 사건 공문 엠바고 사건 엠바고 사건 조사 과정 신경 과학 수사 이유 결과 사건 조사 오전 소환장 오전 출석 조사 유선 소환 조사 홈페이지 공지 사항 보보 신경 연루 조사 대상 최대 사건 공문 엠바고 사건 엠바고 사건 조사 과정 신경 과학 수사 이유 이유 결과 사건 조사 오전 소환장 오전 출석 조사 유선 소환 조사 홈페이지 공지 사항 보보 신경 연루 조사 대상 최대 사건 공문 엠바고 사건 엠바고 사건 조사 과정 신경 과학 수사 이유 이유 결과
phishing_바로 이 목소리_11,수사기관 사칭형,검찰 사건 녹취 녹취 중이 당장 검사 신분 증명 원증 사건 접수 협조 출석 요구서 핸드폰 이메일 사건 사건 이유 접수 이번 사건 이번 사건 이해 이해 정보 사건 이유 접수 이번 사건 이번 사건 이해 이해 정보 사건 녹취 상태 녹취 기록 증거 채택 기회 거짓 기회 입증 조사 서울 중앙지 기능 범죄 수사 김태호 검사 부탁 성함 성함 공사
phishing_바로 이 목소리_12,수사기관 사칭형,서울 중앙지 발부 문장 차례 문장 발부 검찰청 출석 주소지 주소지 안산시 서울 중앙 지검 특수 이유 사건 조사 개인 정보 조사 통화 가능 주소 이전 주소 주소 이전 안양시 근무지 사무실 이전 얘기 사건 조사 개인 정보 조사 통화 가능 문자 문자 소환장 등기 발부 주소지 신지 얘기 사건 나중 설명 통화 가능 자리 이동 부탁 정보 제공 시점 통화 녹취 목소리 유의 사건 사건 자체 엠바고 사건 뉴스 언론 보도 사건 종결 사건 사건 유포 발언 사건 설명 검찰청 홈페이지 사건 소장 유관 도움 전달 강남구 위치 포함 오피스텔 성매매 알선 불법 자금 은닉 주검 김창호 검거 김창호 인물 성매매 성매매 단속 김창호 검거 당시 다량 사면 공인 증서 압수 과정 개인 정보 일자 명의 개설 불법 거래 지점 경기도 광명시 출장 지점 인터넷 뱅킹 지점 대포 개설 개설 개설 인터넷 뱅킹 대포 이용 조치 명의 인터넷 뱅킹
phishing_바로 이 목소리_16,수사기관 사칭형,통화 불편 소환장 발부 소환 날짜 통화 김성호 나이 전라도 광주 출신 김성호 사람 친구 이유 이번 김성호 주범 범죄 기단 검거 상태 검거 과정 대량 대포통장 신용카드 물품 압수 통화 사람 농협 발견 농협 발견 범죄 현장 발견 사건 사람 현직 직원 전산 문제 발생 조사 최근 이내 신분증 운전 면허증 개인 정보 물품 분실 걱정 걱정 경남 창원 개설 각지 기본 사항 만약 사건 연관 걱정 금전 대가 대여 판매 개인 정보 유출 명의 도용 피해자 조사 결과 발견 상관 대포통장 이용 이용 과정 금전 약국 사건 고발 사건 사건 배당 서울 중앙지 배당 상태 사건 연관 기본 피해자 입증 조사 일반 휴대폰 법원 법원 녹취 기본 피해자 입증 조사 진술 직장
phishing_바로 이 목소리_19,수사기관 사칭형,도용 사건 절차 박진원 사람 전라도 광주 태생 남성 차장 근무 사람 명의 양도 판매 가요 얼마 수사 주범 박진원 공범 검거 압수수색 당시 위조 신분증 대포통장 보안 카드 대량 압수 압수 물품 우리은행 발견 해당 대조 결과 위조 명의 개설 선생 질문 진술 녹취 조사 자료 피해자 입증 제출 증거 거짓말 은닉 공범 간주 가중 처벌 체포영장 발부 부탁 녹취 잡음 목소리 증거 자료 감기 감독원 자료 전달 진술 거짓 조사 결과 진술 사기 방조죄 은닉죄 위증죄 성립 진술 번복 진술 번복 사건 사건 사건 발생 사건 서민철 도용 사건 사건 검사 내선 연결 검사 연결 사건 성함 피해자 입증 서울 중앙 지검 범죄 수사 수사 유현 수사관 잠시
phishing_바로 이 목소리_21,수사기관 사칭형,명의 도용 사건 김성호 사람 전라남도 광주 출신 고요 남성 이번 지검 김성호 주범 범죄 기단 검거 검거 현장 카드 보안 카드 압수 명의 개설 농협 발견 수사 협조 유의 이상 가해자 혐의 시간 판단 자동 소환 환증 발부 녹취 조사 녹취 유선 녹취 가능 이상호 개인 정보 유출 얘기 납득 의심 조사 자체 조사 서울 남부 지검 의심 상호 검사 서울 남부 지검 팀장 해명 필요 사건 예고 상관 의뢰 상관 사건 연루 사건 피해자 가해자 조사 강압 녹취 조사 소환장 발부 시간 조사 명의 핸드폰 통신사 이용 이외 명의 개설 통신 회사 존재 회사 이용 명의 개설 통신 회사 통신 조회 김성호 조직원 모종 다음 수사관 진술 재산 신한은행 국민은행 기업 재산 판독 조사 수사 과정 혐의점 포착 피해자 판정 피해자 인증서 발행 한마디 조사 절차 피해자 판정 피해자 인증서 이해 이해 라던 게임 개인 신상 정보 기재 스마트폰 특정 프로그램 설치 방화벽 위험 문구 스마트폰 문구 스마트폰 해킹 개인 정보 유출 자택 노트북 휴대 해킹 조사 인터넷 통일 불법 복지 간주 추적 인터넷 카카오톡 페이스북 인터넷 포함 업무상 가족 중요 메시지 메시지 답장 수신 메시지 답장 검사 메시지 답장 수집 중단 답장 시간
phishing_바로 이 목소리_22,수사기관 사칭형,사건 전국 연루 광범위 사건 소환 조사 원칙 연루 소환 조사 상태 피해 혐의 유선 조사 전반 조사 과정 녹취 사항 육성 기타 소음 녹취 파일 수집 진술 과정 위증 은닉 공문 식품 방지 성립 유의 실례 위치 직장 신고 자택 신고 직장 직장 직장 메모지 녹취 녹취 녹취 육성 육성 기타 소음 다음 지참 이동 서울 중앙지 혜진 수사관 연루 명의 도용 사건 접수 김천우 사람 당황 사건 접수 불법 통지 발견 입출금 청약 마이너스 정기예금 적금 국민은행 국민은행 입출금 입출금 농협 입출금 적금 정기예금 마이너스 진술 마지막 진술 검사 불법 자금 여부 파악 검사 피해 금액 가량 의심 청약 입출금 국민은행 입출금 농협 입출금 전체 합산 피해 금액 자산 가량 이상 이하
phishing_바로 이 목소리_24,수사기관 사칭형,업무 자산 현금화 현금 청약 적금 입출금 청약 해지 입출금 차명 추가 체험 이해 그때 그때 순차 설명 이해 공문 설명 가요 요지 처음 요지 처음 하단 개인 수수료 명의 도용 피해자 해명 문구 중요 검찰 조사 피해자 입증 절차 사항 조사 피해자 입증 절차 사항 설명 절차 조사 이행 피해자 당사 수수료 입증 명시 조사 이번 조사 협조 핵심 인지 요지 마지막 합법 재산 증명 감독 문구 경기도 광민 연구 지위 인천 서구 당사 거주 광민 연구 주변 친구 지인 불법 사건 경위 설명
phishing_바로 이 목소리_26,수사기관 사칭형,이상 에스크로 납부 일반인 모니터링 성함 부탁 모니터링 수정 시간 지체 시간 시간 소요 모니터링 에스크로 상환 당황 사람 지인 전세 자금 모니터링 대환 조건 대환 조건 금리 일부 당일 만기 상환 제도 당일 이내 상환 조건 다음 자금 정확 충리 자금 얼마 유리 당일 정부 지원 자금 조건 충족 거래 미비 기존 부채 정부 지원 자금 고금리 상품 이용 서민 나들목 조건 해단 조건 자금 결제 팀장 고금리 상품 이용 거래 미비 조건 당일 만기 상환 제도 대출 만기 상환 등급 부채 등급 대출 만기 상환 부채 등급 상승 사촌 외사촌 당일 만기 상환 제도 변제 조건 자금 도움 모아 자금
phishing_바로 이 목소리_28,수사기관 사칭형,당일 계산 제도 저축 기존 상환 요청 농협 상환 요청 농협 사춘 근무 관리 차원 요청 시간 소요 전산 이관 전산 이관 요청 기업 납부 증명서 요청 여부 금감원 농협 상대 저축 방식 감독 스크루 일반 상환 농협 사춘 근무 우회 도움 당황 보고서 작성 녹취 심사 결제 보고서 공문 동의 가능 보고서 작성 동의 동의 보고서 공문 심사 결제 팀장 사항 자금 감사 승인 감사 녹취 동의 녹취 걱정 기억 아시 통화 서울 심사 과장 팀장 보류 오랫동안 친척 동생 만약 오전 이후 이후 소류 심사 순차 심사 심사 부탁
phishing_바로 이 목소리_29,수사기관 사칭형,검찰청 공공 기관 비밀 개인 정보 상태 주의 얘기 이해 오리 거래 국민 오리 국민은행 거래 진실 녹취 증거 자료 공판 피해자 입증 자료 대신 법정 제출 이해 개인 정보 유출 사건 신원 서울 중앙지 김유진 수사관 전라도 광주 출신 여성 문정숙 주변 가요 수사 얼마 문정숙 사기 집단 검거 검거 현장 계량기 대포 체크카드 압수 과정 피의자 명의 오리 발견 개설 신원 조사 사건 수사 피해자 잠시 협조
phishing_바로 이 목소리_30,수사기관 사칭형,공판 증거 자료 주변 소음 목소리 처음 진욱 진술 주의 진술 장소 회사 경찰 압수 서울 중앙 지검 범죄 수사 방문 조사 방문 조사 조치 단독 사건 사건 연관 규모 날짜 스케줄 방문 조사 녹취 조사 녹취 은폐 은닉 형법 증거인 멸죄 형법 위증죄 형법 공무 집행 방해죄 추가 명시 녹취 조사 가상 참여 조사 상태 수요 금액 방문 업무 근처 카드 시간 가상 유지 시간 시간 외출 가능 전액 금액 설정 감독원 자금 데이터 이동 자금 데이터 이동 추적 시간 시간 소요 추적 다음 피해자 인증 명의 용도 설명 중고 나라 옥션 마켓 인터넷 사이트 사이트 고가 물건 판매 물건 사건 피해 자분 발생 고소 고발 공조 피해자 입증 조사 조사 녹취 조사 초기 녹취 진술 이번 사건 명의 제공 명의 도용 질문 사건 경기도 수원시 팔달구 거주 남성 김태환 최근 사이 지갑 신분증 여권 휴대폰 개인 정보 유출 물건 분실 도난 여권 해외 카드 아이디 해킹 여권 아이디 해킹 명의 불법 거래 이용 압수품 확보 상태 명의 제공 명의 도용 질문 이번 사건 경기도 수원시 팔달구 거주 남성 김태환 최근 지갑 신분증 여권 휴대폰 개인 정보 유출 물건 분실 도난 아이디 해킹 해외 카드 김태환 중심 도용 불법 거래 기단 검거 과정 대량 카드 대포 압수 문제 증거품 농협 국민은행 압수 해당 대조 올해 서울시 영등포구 물레 지점 명의 개설 영등포 물레 지점 방문 금전 대가 판매 양도
