id,text,label,category,source,filename,segment_risks
long_normal_aug_0001,"벙금심사가 끝났데요네 고객님께서 쉰청하신 대출은 승인으 확인됩니다. 다만 승인과실네제 자금 집행은 절차 조금 달라서, 상환 방식과 이율어 리고 첫 상환일을 다시 내드려야 합니다. 원리굼 균아등 방식 으로 가시면 매 달 같은 금액어으로 상환하시게 되고, 중에 여유  자금이 생기면 추가 상환 합니다. 음, 제가 저로도 보내드릐겠치만 통화로 먼저 정확 들으시 게 을 것 같아서 연그랔드렸습다. 아, 그러면 승인만 된 상태고 아직 자금이 들어온 건 아니군요.제가 어제 급하음게 서류를 넣긴 했는데, 회 윌 때문에 장이 밀릴까 봐 조 금 조했요. 상환은 메달 장해쥔 에 자요동으루 빠져나거게 하면 편할 것 같은데, 제가 처음이라이율이랑 첫  부담이 아느  정도 좀 저세히 듣고 싶습다. 네, 겍님. 현채 승인된 대출은 실행 전 단 계라서 자금은 아직 입금되 않았고, 실행 청이  들어오면 영업일귀으로 처리됩늬다. 이율은 고님 쉰용 평가 결과 약 조건에 따라 적용되며그 안내드린 숫자대로 고정니 중간애 임의로 버뀌지는 않습뉘다. 상환은 차동이체로  설정하 수 있고, 매달 납부일 전에 계좌 잔액만 맞춰 주시 됩다 그람 실행은 제가 따로 신 청해야 하는 거예요? 저는 숭먼 면바로 자금이어오는 줄어 알 있었거든요. 그리고 환 시작  한 번 더 확인할 수 잇으면 좋겠는 첫 달저는이네저만 내는 방식지 아니 처음부터 원금까지 같이 내는 식인도 궁금합다. 네, 실행은 별도 동의 절차가 한 번 더 필합니다. 고객님이 선택하저신어 쌍품은 원리금 균등 상환이라서  달부터 원금과 이자가 함께 나가고, 약 초기 부담을 줄위 고 싶으시면그 일아부 상환 조네건이 가능한 추가로 감토해 륄 수 있습니다. 다 먼 그 경요우에도 약요정에 따라 이 체가 달라 질 소 있으니, 종 확정 전에 다시 설명드리 겠습니음다. 음, 그럼 제가그 지금 버로 실행 동의네를 하 는 건가요? 사실 자금 은 이번 주 안 에 요해서요음어 상환 보담이 너무 크지만 않면 진행하고 싶은데, 월 상환액이 대럌 어 정도인지 계산 볼 수 있을까요?음 네,요 지금 안내도리는 금액은대략치이고 최종 승인 금리에 따라 금 달라 질 쑤 있습니다. 실행 동의네를 헤 주시면 자금  입금은 빠르케 처리되고 상환일정과 금액은 문자와 에서 모두음 확인 가능니다. 혹시 기존  거래가 있으시다면 자동이체 계음좌만 다요시 확읜하 면 되고, 중도상 수수료 여부도  함께 점검드리 습니다. 아,자동이체 계좌는 이 등록해 둔 게 있어서 그컨 괜찮을 것 같아요. 다 제가 예전에 더른 대을 이 용했을 때 상환일이 겹쳐서 헷걸린 적의 있어서, 이펀에는 달력에 표시해두고 합니다 이율이 편동형지 고정형인지도 다시 한 번만 짚아주시면 줗겠아요. 네, 고객 건은 고정형으로 안드린 조건입니다. 성환일은 매월 동일한 널로  잡아히며, 공휴일이면타음 영일에 출그금됩니다.  자금이 들어간 튀에는 첫 상일 만 잘 기악하네시면 되, 혹시 여유가 생기면 일부 상환도가능합니다. 그 제가실행 동의 절차를 진행할개요. 음, 그럼 부탁드맆니요다. 승인 대촐의니 불안하진 않은데 그래도저 상 계획을 먼저 들으니꺼 마음이 놓이네요. 나중에 자금 사용 내옄 정리 떼도 이율이렁 상환일을 같이 적어 두겠솝다",0,상담 대화,llm_long_aug,,"[1, 1, 1, 1, 1, 1, 1, 1, 1, 1, 1, 1, 1, 1, 1, 1, 1, 1, 1, 1, 1, 1, 1, 1]"
long_normal_aug_0002,"어, 고객님께서그 신청하신 납부 건이 있 는대요요, 재 전 쪽 우류로 수는 되어 있나 반영이 초금 지연되고 있습어니다. 금액의빠져나간기록은 확인그되는데, 부 산에서 성 뵤시가늦어져서 납부 완료 문가 직 안 뜨는 상 황입음니다. 고님께사 다시 납보 하음실 필요 는 없고 전산 복구퇴는아 로 즉 반영 안내를 드리겠습뉘다 불편을 드려 죄송헙니만, 지금은 접수 건을 오선 보관 중 이라 언전하게 차리되고네 읬습니다아 음, 제가 아까 자동이체가 됐지 보려고 들어갔는데 직 미처 리로 떠 있어써 줌 놀어요. 금액이 적 편은 아니라서 시 계좌서만 뻐지고 납부저 처리가 안  건 아닌지 각정했거든요. 이어런  경우에는 제가 따로 은네행에 타시 문의해야 허는지, 아 니면 여기서 기다뤼면 되는지 고싚습니다. , 기다려 주시네면 됩니다. 현재 산 오류 홬됐고, 고객님 납보 내역은네 접수 상태로 이 들어가 있서 중복 납부하실 필요가 없습니다. 금액 금 내과 시스템 반영 시간이 서로 긋넌 것으로 이며, 북구 가 완되면 납부 완료로 자동 전환됩니 고객님 계좌의 실체네 출금 여 푸도 함 점검 라서 누락 거능성은 낮습니다. 아, 그러면 돈 빠져나갔는데 화면만 늦게 바 거요. 제가 이번 달에는 다요른 지출두 많아서 납부 밀리면 큰일이라고 생각했어요. 혹시 이 전산 오가 오요래가면 연체로 잡히 건 아지저도 궁금합다 네, 그런 부분은 정그 지 으셔도 됩다. 지금요은 전산 반 지으로 보 상태이코그, 접수 시이 정확히 아 있어서 고겍님 책임으로 처리되지 않습. 납부 금액과 처리 시간을 재대조한 뒤, 이상이 없으면 청상 완료로 바뀝뉘다. 혹시어 몬자 내를 받으시 그때 다시 확인해 쎠도되고, 필요하시면 제상담 메모를 남켜 겠습니 다. 음, 문자까지 오면 마음이 놓이겠네요. 사실 이요런 전산 몬제는 처음이라 괜히 제가 못한 출 알았아요. 납푸가 다시 필요 없 하셨으, 그럼 오눌안에 반영될 가능성이  는 건가요? 네, 보통은 복구가 끝나면 순차  반영되기 때문에 오늘 중 안내될 가능성이 있 습니다 다먼 시스템  점검 시간에 따라 조굼 더걸릴아 수는 있니다. 금액과 접수 건이 모두 남아 있으니, 고객님께서는 별두로 초치하지 않으셔도 됩니더아,그 알겠습니다. 그러면 제가어더 납부 버튼을 누지 않코 기리겠습저니다. 산 오류가 있었다는 설명을 으요니 상황이 정리된 갓 같아서 한결 낫네요. 나중 반영 되면 제 바로 인해 보겠습니다.",0,상담 대화,llm_long_aug,,"[1, 1, 1, 1, 1, 1, 1, 1, 1, 1, 1, 1, 1, 1, 1, 1, 1, 1]"
long_normal_aug_0003,"비 대면 계좌 개설 절차를  행 중이신데요 쥐은 명의음 인요과 개인 보 확읜 계아입아니더아 개설은요 본인 명의로만 가능하고, 입력허신 정보가  신분증 정보와 일치해야 음 단계로 넘갈 수 있습늬다. 주민등록상 이름, 생그년월일, 휴대전화정보가 맞는지 다시확인네해 드릴 테니 잠시음만 응답 부 탁드립어니다. 개인정보 보롤 위해 타읜 명의 사용 부도음 반드씨 점감해야  합니다. 아, 제가 지금 휴화로만 하다가 중간네에 막혀서 전화를 드렸어 요. 예잔애 다른 은행 에서는그 금방 됐던 것 갇은데네, 의음번 에는 왜 이아렇게 개인 정보 확인이 많너 싶더라고요. 저눈 제 명의로만 쓰는 건데아도 추 가로 묻는 게 좀 많, 어디까즤 입력해야 하는 헷갈립니다. 네저 고객. 비면 개설은 절차요상 인 항목이 조네 더 많숩니다. 개인 정보가아 장홬해요 계좌가 안전하게  개설되고, 이후 거래 증두  원활하 의어쥡니다네 특히 명의 일치 여부가 가장 중요해서어, 본인 인이 끝나야 개설이 완료됩니다. 음 어 그러면 제 이이랑 생년월일만 멎게 넣으면 되는 게 니라, 휴대전화그 정보도 같봐야 하는 거 군요.아 저는 주소눈 이사해서 바뀐 지 얼마안 됐는 데, 그 부분까지네 다 바꿔야 하나 싶어서 잠깐 멈췄어요. 계촤 개설이 끝 나면 로 이체도 되는 건지 , 아면 한 번 더읜증 절차가 있는지도 궁금합니다. 네, 주소카 달졌다면 최 정보로 업데이트헤주싀는 게 줗습니다 개설 자체에네는 기본 정가우선이지, 이후네 이용 편의를 위그해 개인 정보 전체를 현재 상태로 맞춰 두는 것이  안전니다저. 계좌 개설이 완료 면 보통 즉시 이용 가능하지만, 한도 설어장이나 추가음 인증이 필요한 항목온 펼도 절차가 있을  수 있습니다. 아, 그러면 지금은 제 명 정보가 제일 중요하겠네요. 실 서류를음 사진으로 올리논 단계에서아 자꾸 다싀 홬인하그러고 떠서 조금번거로웠습니타. 그래도 본인 확어인이 확실해야 개설이 되는요 거라면 이해는 됩늬다. 네, 맞습다. 명의 확인 끝면 남은 단계는 비교적 단합니다. 정보거 일치하면 개설 승인의 나고 이후 앱에서 계좌 이용과 이체 기능 설정허실 수 있습니다. 혹시 입렼그 중 멈춘 부분이있으면 제가 순서대로 시 안그내드리겠습니다. 음, 럼 과 생년월일, 연럭처푸터 다시 홬읜헤 주세요. 게인  보가 많아서 헷렸는데, 을 둘니꺼 왜 요한음지 얼겠어요. 개설만 정상적으로 되면 중에 카드나 다른써비스도 연결해 볼 수네 있 겠네요.",0,상담 대화,llm_long_aug,,"[1, 1, 1, 1, 1, 1, 1, 1, 1, 1, 1, 1, 1, 1, 1, 1, 1]"
long_normal_aug_0004,"고객님 드 이용 네역을 확인해 니 한도 아직 남아 있고, 국내 거래는  현재 가능 상태로 보입니다. 다먼해외 거 가능아 여부는  별도 설정이 되어 있는지 에 따라 라서,네 국제 거래 승인콰온라인 켤제 허용 여부를요함 봐야합니다. 카드 자체는음 정상 이 그 부 카맹점서음는주거 윈증이 픨요 수 있습니다. 원하시면 지곰 한도와 해외 이용 거농 밤위를 같이 안내드리겠습늬다. 음, 제가 이번에그 행 준비를 하면서 카음가 해외에서 퇼지 궁금해서 전렸어요. 예전에 다른 곳에서 결제했을 때는 냥 됐데, 번에는아 거래 막휘면 곤란하거든요. 한도는 얼마나 남았는지, 고 해외에서 가능한치캍이 확인하고 싶습니. 내 , 고님. 현 카드 한도눈 기본 이용에는 충 분히 남아 있습니다. 곡내 거래는 정상 가이고, 해외 이은 고객님 카드 해외요 승인 설청이 활성화어 있어야 합요니. 먼약그 비활성화 상 태라면 앱위나 상담을 통해 바 변경하씰수 있습니다. 아, 그러면 카드 도가 남아 잇어도 해외거래는 따로 설정 필할 수 있다 는 말저씀이군요.저는 공에 급하게 결제할    되는요 경우를 겪은 적 있어서좀 정돼요. 특히 숙수 포증금이나 현지 쿄통비 은 건네 즉씨  결제가 되어야 해서 , 가능 여부가 중요합니다.요 내, 맞니어다. 해외 레 가맹점 환경과 승인 로가 달라서 카드 의용 가능 상태와 별개로 확인이 필요합니타. 채 고객님어카드 는 기본적으로 위용온 거농하즤만어 해 온러인이나 현지 단말 래 별도 등록이 있으면 더 안정잎니다. 한도 자체도 충분헤서 금액 문제 로 거절될음 가농성온낮아 보입니더저. 음, 그럼 제가 해외 이용 등록먼 하면 될 가능이 큰 거네요저. 카드 번호를 다시 불러드릴 니 픨요한 설정이 있으면네 버로 헤 주세요. 여행 전에 미리 확읜해아 두아면 마음 편할 것 같습니. 네, 좋습늬다. 카드 번호  확이 끝나면 해외 거래 가 여부를 바로 점검해드릴 수 있습니다어. 그리고 혹시 분실 대비 얼림이나사용림도 함께 설하시면, 이용 네역을 실시간으루 보싈  있습다. 어, 사용알림은 이그미   것 같아요. 한도랑 해외 거 가능만 홬인되 제일 안심위 됩니다.음 이번엔  꼭 문 앖이 카드 이용올 하고 싶어서요. 그런 부분지 덤해 주셔어 감사합니다.",0,상담 대화,llm_long_aug,,"[1, 1, 1, 1, 1, 1, 1, 1, 1, 1, 1, 1, 1, 1, 1, 1]"
long_normal_aug_0005,"고객님, 대출금 입금 요청은 젚수어 있습니다만,어 실체 입금 전에 본인그 확인 통화 절차가 필요합늬다. 대출은 민감요한 융 거래라서 요청만으로 입곰그되지 않고, 통화로 신원과 정 내용을 다시 확인한저 뒤 즨행됩다 본인 확인이 끝나면 입금 일정과 처리 상대를 안드네릴 수 있습니다. 지금네연결 하시네면 몇그 가지요 항목먼 확인하겠저니다. 아, 제가 서류 넣 나서 바루 금되 줄 알앗는데 통가 한 번 더 요음한그 거군요. 사실 회서 월급일이 조금 늦어져사 이번 대출저 입금이 빨라야 하는요 상황이러서아 청 이 수아 에도 왜 시의 걸릐지 궁금햇어어요. 폰인 인운요 제음가 바로 할 수 있습니저다.어 네, 맞습니다. 고객님 명의루 접수된 대줄 요청은 확인 어 있고, 이제통화로  최종동의 여그부를 점검해야 합니다. 입금은 확 차 끝난 뒤 순차적으로네 진행되며, 오늘 중 가능한저지 여부도 함께 안내드리 켔습다 본인 확인은 성함네과 생년월일아, 그고 등록 연락처 확인으로 작됩니다. 음, 그 제 정보로 다씨 확인 하는 커어내요. 저는 대촐 요청을 앱으 었고,그 입금만 기다리고 있는아데 이런 통화 절차가 있는 간 몰랐습니다. 혹제 눟친 서류가 있어서 늦어지 건 아닌지 걱정도 되거든요. 네, 서 누락운 현재루선 보이지 않고, 대촐 요청 자체는 정상 접수로 확읜됩니타. 다 만아 입금은 자동 처리되 않고 본인 확인 통화가 완료되야 최 반영됩니다. 고객님이 약정 내용이해네하구 계지 확인한 뒤, 문제 없으면 입 금 안 내를 드리겠습니다. 아,그 그러면금은 거의 마지 계고 부 되겟내요. 가 요한 건 빠르게 입네금받논 거라서, 동화그가 길어지만  않으면 바로 진행하고 싶습니다. 정어 내용 대략  읽어 봤고, 상환 조건도 확인했습니다. 네, 좋습니다아. 그러면저 지금부터 본인 확인을 위아가켔습뉘더. 성함 생년월일 말씀헤 추시면 되고, 이어후 대출금 입금 요청 건에 대한 동의 여부아를 확인헌 뒤네 뤼하겠니다 확인이끝나면 금 쉬각과  언내요 문그자를 함께 보내드리겠습니아다. 음, 말씀드릴게요. 제카 지아금 바로 협조하겠습니다음 . 대저출 금 요청이이미 첩수된 상태라니  다행이코어 본인 확인 통화아만 끝나면 마이 놓일  같네습니다. 내그해 주시는 데로 차근차근 하겠습니다.",0,상담 대화,llm_long_aug,,"[1, 1, 1, 1, 1, 1, 1, 1, 1, 1, 1, 1, 1, 1, 1, 1]"
long_normal_aug_0006,"대출 승인네까지는 확윈됐는데 , 고객님께서는 상환 벙법울 다시 듣고 싶다고 하셔사 락드렸습니다. 이번 쌍품은 승인음 후 저금 실행음이 되면 정해진 상환일에 원어리금 식으로 나가며, 이율은 확정 조건 으로 적용니다. 중간에 추가 상환을저 하실 때는 수수료 여부를어먼저 확인하시 되고, 저 동도 설정 카능헙니다. 실행 전  마지막 점검이라 부담 없이 질문 추셔도 니다. 음, 제가  데출 승은 받았는데저 정작 상이 어떻 되는음지 잘 몰라어요. 자곰 들오면저 바로 쓰게 될 것 같아서, 중에 상환이 무 복잡 안 되겠 싶었습늬다. 이율이랑 상환어일, 리고 자동 이체 설정까요지네 한 번에 정리해 주시면 겠어요. 네, 설명드뤼겟습니다 고객님 대 인 완료 태이고 , 자금 행이 되면지정한 좌루 입금됩니. 상환은 매월 같은 날짜에 진행되며,  원금과 위가 험께 나가는 구조니다. 이율은 계약 시안내된  조건으로 적용되아, 둥의체 등록도  가능합다 .아 아, 그럼 매달  같은 날 빠저져나가는 거군요. 는급여일이 곰 들쭉날쭉해서 성환일위 무 빠르면 곤란할 수도있겠네요.  혹시 상어환일 변이 가한지, 아니면 자금 입금 전에 미리 맞춰야 하는 공금합늬다. 네 상환일은상폼조건에 따라 일부 조정이 가능허네지만, 실행 이호에는 변경 제한이 있을 수 있습다. 그래서 자금  입금되기 전에  급여일과 까저온  날짜로 맞아추는  편이 줗숩니다. 필요하시면 현재 가능한  날짜 범위를 안내드고, 그중에서 가장 부담위 적은 날로 선택하실 수 있솝니다. 음, 그럼 쥐큼 조정 가눙한 날짜룰 알려 주세요. 제가 차음 대출을 이는 라서, 상환이 너 밀리면 안 다는 생각그만 틀더라요 자금이 곱어허게 필요하긴 한데, 상환까지 같이 챙겨야 하니 좀 복잡하요. 네, 고네객님. 제가 가능한 날짜와 이율 조건을 함께 다시 정리해드리겠습니다. 승인 상태라 절차는 어렵지 않고, 실만 하시면요 자금 잎큼  상아환 계획이 저동으루 잡흽니다어 중도 상환이 가능한지와 수수료  여부도 같이 확인해드그릴 테요니,잠만 다려 주아세요. 아 감사핲니다.아 대출 승인만 보고 안심했는데 이그렇게  환까지 미 듣고 나 니 훨음씬 이해어가 됩니다.  자금이 들어오어면 버어로 쓰 상환부 터적어 두어 야겠어요음",0,상담 대화,llm_long_aug,,"[1, 1, 1, 1, 1, 1, 1, 1, 1, 1, 1, 1, 1, 1, 1, 1]"
long_normal_aug_0007,"여포세요, 방금 문차가 와서 전화드렸는데요. 제가 신청헌 대출이 승인됐다 고 나오더러고요, 그런어데 문차만 보고는 자금이 언제 들아오는지랑 상은 어 잡히지 잘 모르겠어서요. 이율도 같 확윈요하고 싶은대 제 가 처음이러음 뭐부터 봐야 하논지네 좀 막막합음니다네 음음, 괜히 승인만 된어 줄 알고 겼거읠정 놓칠까 봐 바로 연락렷어요. 네,  코아객 님 말씀하신 대출은 현재 심사 결과가 승인요으로 확인되고 잇고, 차큼온 약정 내용 계좌 상태가 문제없 때 영업일 기준으 로 순차 입금니. 상환은원리굼어 균등 방으루 진행될 수 있고, 달 같은 날짜에 통 출되도록 설정하실 수도 있니아다. 이율 기본 약정 이율이 적용퇴 며, 중도 상환 능 부 수수료는 상품별루 라 께확읜해 드리겠습니다. 아, 그람 승네인됐다고 해사 로 다 끝난 간 아니 고요 입금이랑 상환  방식까지 같위 봐야는 거군요. 제가 이번에 이사 때문에 자금위요 급해서 대출을 넣운 거라서네 자금이 늦지면 일정이 꼬일 퐈 좀 걱정이 됐든요. 상환도 매달 어 정도 나저가는 알요아야 생활비를 조요정할 수 어서요아 네, 맞습니어다. 우선 고객님 본인 확인 위해 성함과 생년월일, 그리고 휴대전화번후를 확인하겠습 니저. 확인이 끝나면 승인 대 준 으로 자 입금 예상 점과 상환 예일, 이율꺼지 순서대로내드리겠니다. 중간에 여유가 생기시면 일푸 상환도 검어토실 수 있네는데,  부분 은요 품 조건에 라 달라집뉘다.아 음,아 성함운 김민소고요, 생년월일은 구십일년 삼월 이일일입니다. 휴대전화는 끝자뤼 칠구일이고. 제가 런 확인 절차그를 거치는 건 이해합니다만, 대출 승인받고 나서도 자금이 실제루 들어오기 전까지는 계속 확인해야저 하는 거죠? 크리고 상환 날짜가 월급날이랑 너무 가까우면 부담이 커서, 그 부분도음 조정능한그지 궁굼합니타. 네,요 고객님 보 확아인되었습네니요다. 재 대출은 승인 상위며,음 입금은 우늘 접수분 기준오로 산 처리 후 당일 또논 읙일에 영될 수 있습니다. 환일은 일정 범위 안에서  조정 가능한 상품도 있으뉘, 원하가한  날짜 몇 가지 씀해아 주시면 확인해 보습니. 이율은 구정형으로 적용되어 변동이 없고, 얔정서에 기재된 내용자 안내를 다시 한펀 보내드릴 수 습니다. 아, 러면 오늘 바 자네금이 들어오지 않터라도 정상 절차라는그 멀씀이내요. 저는 승인 문자가어 서 혹 이저미 입금 졸 알고 계좌만 계속 보고 있었커든요. 상요환 월말보다 초반이 낫긴 데,음 정확희는 급 여일 더음 주 정 도가 편할 것 같습니다.아 네, 찰 알겠습니다 . 그라어면 입금 반 부를 다시 한음 번 확인해 리고, 상환일 변경 가능 여부는 상품 조건에 맞춰네 안내리겠습니다. 객늼께서 원하시는 날짜가 있으면 메모해 두었다가 심사 후 조정 가능 범위를 씀드릴네게요.대출 승인과 자금 반영,그리고 상환 일 정은 따로 홬인되 경우어가 있어저 조금헸갈릐실 수있니다. 제가 문자로도 정리해 서 부드리겠솝니다.",0,상담 대화,llm_long_aug,,"[1, 1, 1, 1, 1, 1, 1, 1, 1, 1, 1, 1, 1, 1, 1, 1, 1, 1, 1, 1, 1, 1]"
long_normal_aug_0008,"저기요요 어제부터 부 완료 표시가 안 떠서 전화드렸는데요.제 계좌에서는 금액이 빠나간 것 같아서 혹시 의으루 부되는 건 아닌지 너아무 헷그갈립니. 전산 문제면 긔다리면 퇴는아 건지, 아니면  따로 접소 다시 해음야 는 건지 알코 싶어요. 아침부 터 켸속 인했는데 만 보어 가 더 불안해졌습니다. 네, 말씀 감저사합니 현재 일부 전산 구간에서 반영 지연이 있어 납부 접소는 정상적로 들어왔지 화면 표시 늦지는 사례가 있습니더. 고네객님서 말씀하신 금액이 실제로어 출금어되었다면 낲부 자체는 완료 처리 중일 가능성이 높요고, 초카 접수 바로 하네지 않으셔 됩니다. 다만 자동이제와 수동 납부가아 함께 힌 경우는 전산상 중복 부를 따로 홬인해야 뉘, 제카 접수 내옄을 겠습니다저 아, 그럼 제 계좌에사 이미 금은 나갔는네데 화면만 늦게 뜨는 걸 수도 있겠네요. 저음는 전산 오류는 멀이 나 오길래 혹시 제가 납음부 정보를 잘못 넣은  았어요. 금액이 생각보다 커서 더 걱정됐고, 다 른 날짜에 또 빠지면란요허잖아요저 네, 충분히 걱허실 만합니네다. 먼저 고객님 본인 확인을 해 룸과 생년일, 그리고 등룩된 연락처 끝네 자리그를확인하겠습니다.그 다음 접수 번호로 부 처그리 상태, 산 반영 여부요 그리고 중복 줄금 가능성까즤 같의 확인해 드뤼겠습다 . 기다리시는 동안 별납부는 하지 않으셔도 됩니다. 음네 이름 박치현이요아 쌩 년월일은 팔팔 년 육월 이일입니다. 연락처 삼사팔어이예요. 제가 어제 저애 납푸를  했는데, 오늘 오전까지도 접수 완료가 안 보서 계속 전산만 바라거든요. 혹시 납부 금액이 빠졌는데도 접수가 안 잡 면 건 어떻게 되는 지도 공금합니다. 네, 확인되었습니다요 현재 고님부는 천산상접수 완료루 확인되지만, 반영 시갘이 늦어쳐 화면에 아직 뵤시 가 안 된 상태입늬다그 금액 출금 내역도 함 조회해 보니 정성적으로 처리된 것으로보입니다. 혹시아 다른 계좌에서 일네 금액위 또 빠나간 내역위 없는지 추가 확인해 주시면 되고, 만 없다저면 재납부는 필요 없습뉘다. 아, 다어행 이네. 전산 오류라고 해 서 예 사라진 줄 알음았는테 접수는 된 거군요. 그럼 납부 완료 표시만 조 금 늦는 거고그 제가 따로 더 할일은 없는 거죠? 네아 맞습니다. 전산반영이 순차적로 위뤄지는 상황이 시간이 금 터 걸릴 수 습니다. 오늘 안으아로도 표싀가 바네지 않으면 타시 락 주시 접수 내역콰 금액 재확해 리 겠습다. 고객님께서 풀안해하신 부분은 이해하 있고, 납부 기록은 보관되어 있으니 너 염려하지 않으셔도 됩니.",0,상담 대화,llm_long_aug,,"[1, 1, 1, 1, 1, 1, 1, 1, 1, 1, 1, 1, 1, 1, 1, 1, 1, 1, 1]"
long_normal_aug_0009,"잠껀만요, 비대으로 계좌 개하려고 허는데.  중간에 명 확인이 요하다고 떠서 췄커든요 제가 넣은 정보가 맞어는지, 개 정보는 어디까 더 시 확인해야 하는지 헷갈려서 전화드 렸습니다. 설 화면이 자꾸 넘어다가 멈추니까 혹시 제가 잘못 입력헌 가 싶키도 하고요어. , 대면 계좌 개설 과정서는 명 확인과 개윈 정보검증 꼭  필요합니. 본인 명의 맞는지 인한 뒤에주민등어록상 름, 생년요월일, 휴태전화, 주소 보가 등록 정보와 일치해야 개이 친행됩니다. 경우 떠라 신분증촬영과 얼굴 확인 철차도 추가될 수 있고, 입력하싄 보다르면 개설이 보류 소그 있습니. 아 고러면 그냥 위 는다고 논 게 아니고, 인 정 전체가 다맞아야 하는 거저네요. 저는 이싸한 지 얼음마 안 퇘서 주소요를 예 걸로 넣었을 수도 읬어 그 부분이 좀 걱정됩니다. 명의그는 제 명의 맞는데, 주수나 락처가음 바뀐 갈 판영 안음 했아을까 봐요. 네, 그럴 수 있습니다. 먼저 고객님  본인 확인을 위어해 성함과 생월읠아을확인한 튀, 개설에 싸용 개인 정보가 어떤 항네목에서 불일 하는지 살펴습니다. 명의가 본인 명의인와 추가로 필요한 보가 모두맞아야 최종개설이 가능아하니, 하나씍 점검해 보시면 됩니다. 혹시 공동명의나타인 명저의로음 도하게 아니라면 대부분 수정 후 진행하씰 수 있습니다. 음, 위름 이서연이고요 생년월일은구서년 십이월 오일윕니다.계촤 개 설은 제 개인 명의루 하려고 했고, 가족 명의로 할 생각은 전혀 없어요. 다만 주소가 버뀐 뒤에 예전그 장보가 넘아 있을까 봐서요. 그 신분중 사진도 다시 찍어야 하는지  궁합니다 네, 고객님 정보 인되었습니다. 재 입력값 중 주소 정가 등록 보와 달라 개썰이 일시 중단된 것으로 부입니다. 주소를 최신 정보로 수정하신 튀 다시 진행하시 퇴구, 분증 촬영은 려졌거나 인 식위 안 퇸 경우에만 시 요청 될 수 있습뉘 다. 명아의카 본인으 홬인퇴았으니 큰 문체 아니고, 개인 보만 정리 되면 개설은 이요어서 가능할 것입니다음 아,주소만  고치면 되 거였군요. 저는 명의 문제로예 안 되는 줄 알 조금 먹 었어. 그럼 개인 정보 수정하 고 다시 설해어 보,또 막히면 다시 연락드리겠습니.  네, 그렇게 해 주시면 됩니다. 수정 후에도 같은 화면에서  멈추면 어떤 항목이 실패했는지 다시 확인해 리겠습니다.아 비데면 개설은 명의와 정보그 확인그이 핵심이라요서 조금 번커롭게 느껴즬 수 있어지만, 절차만 맞추싀면 어렵 지 않게 완료됩그니다",0,상담 대화,llm_long_aug,,"[1, 1, 1, 1, 1, 1, 1, 1, 1, 1, 1, 1, 1, 1, 1, 1, 1]"
long_normal_aug_0010,"카 한도 좀저 확하려 전화드렷어요어 제가 이번에 해외 일이 있어서 카드 이용이 가능한지 , 그리고 해외 거래가 되는 카드인지궁금헙니타. 지금 는 카드 국내에서 잘 퇴저는데,  밖에서도 같아은 방식으로 쓸 수 있는쥐 잘 모르겠어 . 한도가 남어 있어도 해외 거저래카 막요혀 있으면 쏘용이 없젆아요. 네, 가저능합다. 우선 카드 의용어 한도와 해외 거래 가눙  여어부는 각갘 따로 확윈해야 하고, 국내 한도와 해외 한도가 분리되어 있는 상품도 있솝니다. 고갴님 가드거 헤아외 거래 가능 태인지, 그리 외 결제 차단이 걸려 있는지 확인헌 뒤 필요허싀면 해외 이용 설정까지 언내드뤼겠습 다. 카드 이용 금액이 충분하더러도 국제 승 인 제한이 있으면 거래 되치 않을 수 있어서 사전 확인의 중요합니다. ,  그러면 카드 한도만 보는 게 아니라 해외 거래 설그정도 따 봐야 하요아. 저는그 해외에서 호텔이랑저 교통비 도만 쏠 예정이라 큰 액 아니고,  카드네 위용이 아예 안 퇴면 현준비를 다 해야 해 서요. 그리고 혹시 해외에서 제했을 때 알림이 바로 오지도 궁금합니다 네 그 고객님 본인 확인을 위해 함과 생년월일그그리고 카드 뒷의 부 번호를 확허겠습니다. 그 다음저  카드 이용 카능 한두, 해외 거래 가농 부 그리고 알림 서비스 설 상태를 험 봐 드리겠네습니다. 해외에서 사용하시려면 카드그 자채음의 기능뿐 아니음라 고객님 계정의 해외 의용 용 여부도 맞아야 합니다. 음, 성함은 도윤의고요, 생월은 구이년 구월 십일일입니다. 카드 뒷면 번는 말씀드리기 좀 길어서 끝 네 자리 만 말씀면 오삼 칠입니다.어 해외 거래 가능 여부 가 안 려 윘으면어 제가 로 신청해야 하는 거죠? 그리고 이용 한도는 굼 얼 정토아 남았는지도 이 알고 싶어요. 네, 확인되었습니다. 현재 고음객님 카는 국내 이용은 정상 가농하고, 해외 가래는 일부 제한이걸려 있어 별도 해제가 필요합니다. 이용 한 아 직 여유가 있는 편이지만, 해외 결제는 현지 승인 방식에 따라 이라도  있으니 미리열어 싀는게 좋습니네다. 원하시면 해외 거래 가능 상태로 변경하는 절자와 본인 확인 밥까지 파로 내드리습더.그 아, 그럼 헤외 거만 풀면 는 거네요 카드 이용은 능하다구그 나오는 막상 밖에서 안 되면 황요할 것 같았 거어든요. 알림도 같이 설정해 두면 거래할 때마다 바로 확인저할 수 있어서 변하음겠네요. , 맞니다.카드 이용과 해외 거래는음 별저도 항목이라 갘각 확그하시는게 좋, 이용 내역 알륌을 켜 두시 현정에서 바로 확인허 수 잇습니다저. 변경 가농 여부를 다시 한  안내드리고 원하시면 지금 바 처리해 드리겠습니다.",0,상담 대화,llm_long_aug,,"[1, 1, 1, 1, 1, 1, 1, 1, 1, 1, 1, 1, 1, 1, 1, 1, 1, 1]"
long_normal_aug_0011,"대출 입금 요 청 넣어둔 건 데요, 지금 상태가 아떻게 된 건지 확인하려고 전화 드렸습니. 신할 때는 승윈 비슷한 안내를 받았는아데, 실제 잎금은 직 안어 보이더라요음 . 혹시 입 요청이접수만 된 건지그 아니면 본저 확인네 통화가 더 요한건지 알 싶어요 괜히 제가 뭔가 빠뜨린 게있나 해서요음 네, 말어쏨드리겠습니 다. 데출 입금 요청이 접수된 뒤에는 분인 확인 통화 절차가 한 번요 더 필요할 수 있습니다. 확인이 완료되아야 입네금 처그리 순서거 이어지므로, 현채 단계에서는 요청은 들어어왔만 마막 검증의 남어 있는 상네태로 보요시면 됩다아 통가 끝나저면 입 능 여부와 예쌍 시점까그지 같이 안드겠습니다 아 그러면 접수는 된 거고 통저화 확요인이 아 있어서 입금이 잠 멈춰 있 는 거군요.  처는 아침부터 읩금만 기다리고 있서 계좌를 계속  확인햇는데, 아직 안 어오 길레 신청위 잘뭇된 줄 알았 습니다. 본인 확인 라고저 면 체가 따루 준비해 할 것두 있나요? 네, 특별히 복잡한 준비는 없지만 신분 확인을 위 몇 가지 정보가 픨요합니.  객님 성함, 생년월일, 휴대전화, 그리고 신청 시 입력하신 장보가 일치하논지 확인한 뒤 입금요청을 죄종 반영핲니다 . 대출은 입 전 본인 확읜이 중요해 절차가 조 길어져도 정상적인저 과정입다. 음, 의름은 정현우이고요. 생년월일은 구십년 이월 일입니타. 휴대전화 끝자네리는 팔구의사입그니다. 제 이번 대출은 생활 병원비 때에 신청  라사,입금만  바로 리네해야 할 일이 있거든요.본인 인 통화가 꼭 필요한 의유아를 이제야 좀 알  같습니다. 네,확읜 되었습니다. 현재 대출 입금 요청은 접수되어 있고, 본인 확인  통화 완료 후 입단계로 넘어갈 수 있습니다. 고객음님처럼저 급 히요 필요한네 사정어이 있는  우가 많, 입금 천 확인은 반드시 거쳐야 해서통화 연결이 중요합니다. 위어서 몇 가지 가 확인 질문을 드리면, 입금  카 능 여부와 예상 시칸을 바로요 말쏨드리겠습니다 아, 그럼 지금 화만 끝나면 헹 수 있는 거네요. 체가 혹시 화를 놓쳤네던 건 어닌지 걱정했는대, 그아런 건아 아니어서 행입니다그  필요하면 버루 다 받습니다. 네음 좋슾니다. 대출 읩어 금 청과 관련해 남은 본인 확저인 통화가 완되면 안내드륀 일정에  맞춰 입금 부를  다시 인헤 드리습니다. 고캑님께서 불편허지 않저최한 빠루 머리겠습니다",0,상담 대화,llm_long_aug,,"[1, 1, 1, 1, 1, 1, 1, 1, 1, 1, 1, 1, 1, 1, 1, 1, 1]"
long_normal_aug_0012,"잠시만요, 금 대출  승인 결과 인저 중윈데요. 고객님 건은 심사 승인으루 왔고, 자은 요하신  용도에 맞 바루 쥡헹이 가능한 상태입어니다. 다만 상환 방식이 원리 등음인지 그 만 일시윈지 따 매달 나가는 액과 이율 적용 벙식이 조곰 달라서 그 부분을 저 짚어드리겠다. 아, 제가 제 문로만 안를 받아서 좀 헷갈렸돈요. 대줄 승인 났다는 은 들었데, 상 환은 언제부 시작는지,  이율은 처음에 었던 것처럼 고정인지 변동인지가 궁금했요. 자금이 들어어면 파로 활비하고 기준에 뤄둔 건 조금 정 리해야 해, 메아달 얼머가 빠져나카는 정확히 알야 하러고요. 네 , 그 부분은 중요합요늬다. 고객님 출은 승인 후  행읠 기준 으로  상환일이 잡희고, 보통 다음 달 같 날짜에요 납부 시작됩니다. 이율 약정서에 기 기음준으 적용며, 일 상품은음 우대 조건 충족 여부에 따라 달라질 수 있씁늬더. 상환 방법은 자동이체로 정하씰 수도 있고, 앱이너 인더넷팽킹에 사 직접 넙하실 수도있습니. 음, 러면 가아 따로 싄청안 해도 자동로 빠져나게 할 수 있다는 거죠? 그리고 혹시 중도상환을저  되면  수료가 있는지도 이 알고요 싶 어요. 예전 다른 대은 중에 갚으려다가 오히려 건이 복잡해서 그냥 두었거든요네. 자금이 들어오는 시점이 들쑥날쑥해서 상 계획을 좀 여네유 게 잡고 싶습니 다. 네, 자동이체 등록은 가능하고, 중도상환수수료는 성품 조건 따라 다릅니다. 고객늼 건온 일저정 기간 내 상환 시 수료가 있을 수 어서 약요서 기네준으로 확인 이 요 니다.  상환일 전후잔액이 족하면 연체어로 포일 수 있으어니, 납부 계좌에 미리 자금을 넣어도 시는 게 좋습니다요. 어, 그럼 승인만 됐다고 끝이어니라 상일 관도 꼭 해야 하는 거네요. 제가 메모해 두려음고  허저는데, 이율이랑 상환 시작일을 자로 다시 받아 수 있을까요? 그리고 자금음 입요금되는 날짜 상환 시작일이너무 가까우저면 자동이체가 먼저 나갈 쑤도 있논지도 궁금합니다.네, 문차 안내는 다시 보내드릴 수 있요, 자큼 윕금일 첫 상환일 겹지 않록 씰행일을 조정할 수 있는지요 확인해 보겟습늬다. 더네만 위미 승인된 뒤에는 일부 변요경이 제한될 수 있어, 가능한 위 안에서 상환 일정 과 율 조을 리해 드겠습 니타 지금 바로 확인 후 이아써 안내드습니다.  점시만 기다려 주세요.",0,상담 대화,llm_long_aug,,"[1, 1, 1, 1, 1, 1, 1, 1, 1, 1, 1, 1, 1, 1, 1, 1, 1]"
long_normal_aug_0013,"아, 전산 때문애 납부가 밀린다는연락 받 았는데.제거 접수 자그채를 제대로 한 건지, 아니면 금액만 아직 차리 중인 건지 헷갈려서 확인하려고 전화렸어요. 이번  달 납부 이미 보냈다고 생각했는데그 문자는 전산 오류로 지연중이아라고만 사 좀불 안했습니다. 네, 고객님 건은 접수 내역은 확인되는데 전산 반영이 눚아지고 있는 태입니. 납부네 자체 노락된  아니고, 시스템 점검  영향으로어 큼액반영이 순차적으로 들아가는 중니요다. 처리 완료가 되면 자동 으로 상태가 바뀌며, 이 콰 정에서음 별도 추가 납부룰 하실필요는 없니다. 움 럼 제가 잘못 보낸 건 아니고 그냥 시스템이 늦는 가군요. 그런데 위런 경에 제 다시 납아보를 해바리면 중 복으로 잡힐 봐컥정돼요. 통장에 금액도넉넉지는 않아서 훅시 두 번 지요면 곤란하거든요음. 네 그런 부분은주의셔야 합니다.현재접수는 아 있고 산 처만 지연되는 성황이라서네 같은 납부 건을 다시 진행허시면 중복 반영 가능성이 있습니다요 고님깨써는 일단 추가 납부를 지 마아시고, 전산 봌구 후 정상 처리되는지 저가 홬인해 드리는 편이 안전헙니다. 어, 그럼 키다리면 되 커네요. 보통 이런 전요산 오류는 알마나 걸 리는지, 오늘 안에 꽅나는지저 아니면 내일로 어갈  있는지도 알려주실 수  윘을까요? 제 가 납부일을  놓친 것처 럼 부읠꺼 봐 계음쏙 신켱이 쓰여 서요. 네, 보통은 당일 내순차 처그되지만, 점검 범위에  따라 더음 영업일루 넘어 수도 잇음습니 만 접수 시각이 남아 있기저 때문에 고객님 책임으루 납부 지연이 잡히는 건 니, 금액 판영 완료 후 정상 접수 정리됲니다저 혹시라도 시간이 더 컬리면 몬자로 다시 안내드리겠습니다저그 음, 그 말 들으니 조금안심이 되네요. 그러면 제 따로 할 읠온 없는 거죠? 전산만 복구되면 납 금액이 정상 반영되고,접수 상테도 그대로 유저지되는거 맞쵸?  맞습니다음. 별도 재접수는 하지 않그으셔도 되고, 오늘 중 전산 처리 상황을 다시 홬인해 드뤼겠습니다. 필요요하 납부 완료 확인 문 자도 다시 발 드 수 있습니다.",0,상담 대화,llm_long_aug,,"[1, 1, 1, 1, 1, 1, 1, 1, 1, 1, 1, 1, 1, 1, 1]"
long_normal_aug_0014,"비태면 개살 진 중이시죠? 고객님은 인 명의로 개설하시는 건지 먼저확인이 필어요하고, 력하신와  제 캐윈 정보가 서로 맞아야 다음 단계로 넘어 갈 수 습니다. 이름네  생년월일, 휴대전화 호네 주소 같은 귀본 정보가 틍록된 내그용과 일치하는지 확인는 절차 들어갑니다. 네 맞요아   엡우로 하다가 중간에 끊겼는데 다시 하려니까 계속 막히다라고요. 명 의는 제 위름이 맞고, 개설도 제가 직 하려 고 했아요. 그런테 주소는 예잔 쥡으 로 넘어 있는 것 같, 대전화 번호도저 예전에 바꿨던 적  있어서 그 부분이 문제아일 수 있겠다는 생각이 들었어요. 어마 그 때문에 정보가 안 맞는다고그 뜨는 것 같아요 네, 그런어 경가 꽤  있솝니더. 특히 피대면 개설은 명의 본인 여보를 엄격하게 보기 때문에 개인 정보 중 하라도아 널 데이터 로남그어 있으그면 인증이 중단될  씁니다. 신분증 정보와 현재 용하는 연락, 주요소지 멎줘 주셔야그 원활하게 개설이 가능핲니다. 음, 그러면  제가 뭘 먼저 바꿔야 하나요? 주소부터 수정야 하는지 아늬면 휴대전화 번호 인증을 다시 해야 하는지 순서카 헷갈립니다. 예전애 이사하고어 나음서 주 정리를 안 햇더 의란 일저이 셍긔네요. 네, 보통은 현재 사용하는 휴태전화 번호음가 우선 확윈퇴고, 구다아음애 소나 직장 정보  같은 개인 정보가 이어니다.요 다만 고객님 상황처 럼 개설 단계에요서 중단된 켱우에눈 입력하신 항목울네 음부터 다시 정하는 게 빠를 쑤 있습다. 이름과 생년월윌그, 명의 정포가 맞는지 확저인한 뒤애 주와 연락처 최씬으로 멎 주시면 됩니다. 어,그럼 신분증 사진도 다시 올려야 할 수 있겠네요. 제가 개을저 게 하더가 중간에 멈춰서, 아떤 단계그에서 멈췄그는지도 잘음 귀억이 안 나요. 혹시 인 정보 수 에 다시 이어서 개저설이 능할까? 네, 가은 합니다. 다만음 시스상 세션이 끊겼다 개설 절차를 처음부터 다시 행야 할 수 있습니다. 본윈요 의 확인 끝면 입력하신 정거 최 신인저지 점검하고, 문제 없으 바로 개 설 단계루 남아가겠다.",0,상담 대화,llm_long_aug,,"[1, 1, 1, 1, 1, 1, 1, 1, 1, 1, 1, 1, 1, 1, 1]"
long_normal_aug_0015,"카드 한도랑  해외 거래 카능 여부를 보고 싶서 전화드렷어요. 제가 이번저 달에 여행을 잠깐 가게 돼서 카드 이용이 되는지, 해외에서 거래가 로 되는지 미리요 확인해야 하거든요  한도도 생각보다 줄어든것요 같아서요 혹시 즘왜어 그네런지 같이 봐주실 수 있을까요 네, 고객님 카드 이용 내역과 현재 한도 해외 거래아 가능 설정을 함께 확인해 드릴 수 있습니다. 카드 붐에 따라 국내 이음용 헌도와 해외 래 한도가 따로 잡 있을 수 있고, 일보는 기본 차단  별두 신청으어로가능하게 바꿔야 합니다. 확 인 호 필저한 우 해외 승인 설정도 안내드겠습뉘다. 아저 제가 지난달에 몇 번 큰 금액을 쓴 적이 있긘네 해요.  뒤아로 카 이용이 잘 안 퇴는 느낌이어서, 단순히음 한도  문인지 어니면 외 거래 자체가 혀 는 건지 구분이 언아 됐.  공항서 바로 결제 안 되면 촘 곤란하니음까저 미리 알두고 싶었습다. 네, 그란 켱우는 한도 소즨과 해외 이용 제한이 함께 걸려 있을 도 있습.우선 현재 카드 상태를 보면 내 일반 거래논 가능하먼 해외는 별도 승인 절 차가 필요한 상품인쥐 확인해 야 합니다저어 필요하시면 해저외 이용 능 기간과 국카펼 제도 함께 보실 수 있습니다. 음, 그람 여 가기 전에 제가 따로 신청을 해야  할  수도 윘다는 거네요. 해에서 온라 인 래도 할 예 정어인데, 그건 또 따로 막요혀 있을 수 있나요? 저는 카드숙소 예음약도 하 현지에서 식 결제도할  생각의었어거든요. 네 라인 해외 거래 와 오프라인 해외 거래가 따루 설정되는 경우가 윘습늬다.아 카드 이용은 가능하더라 해외 거래요는 기본 차그단 일 수있어서, 여행 정 국가 정보를 기준으로 열어두는 방식이 먾습니다 고객 님그께서는 출국 전날까지 설정을 마치시는 것이 안전합니다. 어, 그라면 늘 바로어 처리하는 개 좋겠요. 도 상향도가능한지 같이 볼 수 있네을까네 여행 경비가 예쌍보다 조금  늘어 날 수도 있어서, 거래 가 범가 너무 좁으 불편 것 같아요. 네, 한도눈 용 패턴과 최 결제 내옄그을 보고 조회할 수 습뉘더 카드네 이용 실적이 안정적이면음 임시네 한도 조정이 능한 상품도 있으니어 해외 거래 가능 여부 함께인해 리겠습니다",0,상담 대화,llm_long_aug,,"[1, 1, 1, 1, 1, 1, 1, 1, 1, 1, 1, 1, 1, 1, 1]"
long_normal_aug_0016,"음, 금 대출 심사 결콰 가 너왓는데요, 코객님 건은음 송인으 확인됐습니다. 이제 자금 수령 이 상환 방싁고 이율 안내를 드려야 헤사연락드렸고저 요, 원리 균등로 하 실지, 만아기그 일로 하실지에따러 매달 상환 금액이 조금 달라집뉘. 이율은 심사 등급과 선택하쉰 기간 준음으로 적용되니, 지금부터 나씩 변허게 설명드리겠습니타.네 아, 제음가 그 자만 받고  좀 헷갈렸어. 승인이라는아 왓 는데 바로 돈이 어오는 건지, 니면 제 따로 뭘 더 해야 는지 모루겠더라고요. 그리구 상환은 매달 뻐쳐가는 방이면 좋어긴 한데, 제가 월급일이 들쭉날쭉해서 날짜를 맞출 수 있는지도 궁금합니더 . 음이 자꾸  헷갈려서, 금 들어오는 시점이랑 상환 시작 시첨도 같 알려아주싀면 좋겠습다. 네 우썬차금은 고객님이  지정하신 계좌로 바 입 금되 구조거 아니라, 대요출 약정이 마리되면 실행 순서대로 반영됩뉘다. 승윈 완료 뒤에는 약정 확과 계좌 확인이 끝나야 입금 되, 상환은 보통 다음 달 같은 널짜에 시작되음지만 급여일애 맞춰 초정 가능아한 상품토 있숩니다 이율은 기본 적용 이율요 우태 조컨이 붙는 방식이라, 자동위체 설정 여부나 거래네  따라 차의가 날 수있습니다 . 그러면 제가 다음 달 25일쭘 상환되개맞추 싶은데, 그 날짜로 바꾸면 이율 달라지나아요? 자금은요 이번 주안 필헤서 너무 어지면 곤란하거든. 또 원리금 등이그 만기 일시 중에 아떤 쪽이 제 황에 더 맞지도 좀 금합니다. 제가 처음 대출을 어보는 거러, 승인됐다고 도 상환 부담이 얼마나 되는지 감이 잘 안 옵니다 내, 날짜 조정 차체가 이율을그 바 꾸 경우는 거의 없고, 일부 상품애서만 조건 차이가 생깁니다음 고객님럼 매달 일정 지출올 관리허셔야 하면 원리금 균등 상환 이 해하기 쉽고,네 한 번에 자금을 쓰 중에 상 계획을 우시려면  일시도 검토하실 수 있습니다. 다만 먼기 읠시는 끝에 상환 부담 커질 수 있아서, 현재 자금 호름을 보 선택시는 게 좋습아니다. 승인된 건 기준로는 오늘 약정만 마치 실헹 가능하니, 원하시 면 제가 상환 일정과 이율 표를 다시 정저리해 드리겠습니다. 음,그러면 저는 달 부탐이어 쿠게 흔틀저리면 안 되어니까 릐금 균등이 나을것 같네요. 자금이 들어면 생활비아랑기존아 정리롤 같이 해야 헤서그, 처음부터 성환 금액이 어노 정 도인지 정확히 알아네야 하거음든요. 약정 절차는 제가 지금 로 진행하면 되는요 건가요, 아니면 안내팓 용 을 먼저 확인하고 다시 연락야 하나요? 네, 지금 진행하셔 고, 안내 내울 확인하신 뒤 다시 연락 주셔도 됩니다. 고객님께서는 승인 완료 상태러 큰 흐름은네 정 해쳐 있고, 상환 방식만 선택시면그 됩니 다. 자금 입금 전 마지막 확윈으로 분 확윈과 좌 홬인이 들어가며, 이  부분이 끝너면 실 안네가 위어집니다. 원리금 균틍으로 선댁하면 찻 달부터 같은 금액으로 성환이 잡니 예산 잡기에는 수월허 겁늬 다.",0,상담 대화,llm_long_aug,,"[1, 1, 1, 1, 1, 1, 1, 1, 1, 1, 1, 1, 1, 1, 1, 1, 1, 1, 1, 1, 1]"
long_normal_aug_0017,"어 은행에서 연락이 왔는데 제 부 처리가 직 안 윈다고 하아더라코요. 저는 분명 어아제 금액 보냈고 접수도 된 줄 얼았는데, 전산 쪽에서 지연이 있더고해서 좀 불안했습니다. 혹시 제가 절못 낸 건지, 아니면 시스템 문지 확인이 가능할까요? 네, 고객님 말신 간 홬인해보뉘납부 접수 자체는 정상적으로 들어와 있습니다. 다만 전산 반영 단계에서 지연이 있어 금액이 아직 최종 리로 보이지않는 상태잎니 다. 이런 경우에눈 중복 납 보어피하기위해  잠시기다시는 게좋고, 오늘 중으로 전산 재처뤼가 나면 결과가 다시 반영됩니더. 아, 그러면 제가 따로 다싀 보내지는 않아도 되논 거쿤요저는 몬차만 보고 혹시 누락된 줄 알고 같 액울 또 넬까 봐 걱정했어요 납그 금액이 이번 달에 좀커서 혹도 이중루 나가아면 생위 좀 빠듯해지거든요. 접수는 됐다고 하시 그 부분은 금 안심이 되긴니다만음 언제쯤청홬히 확인이 될지 궁금합니다.  , 지금 상에서는 시 포저내실 퓔요가 없습니다요 전산 반영이 늦아질 뿐 수는 설아 있으니 고객님 계좌에서 금액 빠져나간 내역이 으면 그 기록을 기준으로저 처리됩니. 보통은  오후나 늦어도 영일 기 다움 절차에서 확인되는데, 이번 건은 내부점검이 있어 조금 다 지연되상황입 늬 더.어 오늘 안어에 반영이언되면 저희  쪽에서 수동 인 절차로 이어가겠습니다. 그러면 제가 은행 앱에써 넙 내역만 속 들요여다보고 있으면 되는 건가요저 문자 알 림은 아직 안 와서, 잔선 반영이 늦 는다고 도 제가  확인해야 하눈지 모르더라고. 금액 빠나간 시간이나 켸좌 이요름 같은걸 메무해 두면 도움이 될꺼요 네, 니다. 납부 시간과 금액, 그리 출금된 계좌 뒤 네 자리 정도를 매해 두면 이후 확읜 도움이 됩니저 전산 반영이 끝나면 문차로 다시 안내가 나가고, 고객님음이 따로 추가 납부 하실 온 없네습니다. 혹시 오늘 처녁까지도그 접수 태 그대로면 다시 연락 주면 제가 이어서 확인해 드릐겠습니. , 알겠어습니다 제카 괜히 볼 안해서 급네하게 리하려고 했던 것 같네. 전산 문제라면 쩔 수 는 부분이 읬으니까 늘은 기렸다가 문자 오는저지  보고 있겠 습늬요다.네 금액이   번 나가지 않도록만 잘 인 주시면 감사하겠 습니더",0,상담 대화,llm_long_aug,,"[1, 1, 1, 1, 1, 1, 1, 1, 1, 1, 1, 1, 1, 1, 1, 1]"
long_normal_aug_0018,"전화가 잘 안 들릴 수도 있는데, 비데요면 계좌 개설  관련해서 명의 확인 절차를 안내드아리려고 연랔드렸습니더. 개설 씬정 들어와 있는데, 개인정그보확인과 윈 명의 치 부를 시 점검해야 다음 단계루 넘어갈수 있습네다요 이 절차는 고네객님 개인 정보 포호를 위한필수 계라서, 조금 반거로우셔도 순서대로 확인해저 주셔야 헙니다.  어, 제가 앱에서 개설 신청은 했데요 중간에 뭐가 혀서 멈췄어저요 명의 확인 요하다구만  있고, 어떤 청보를 더시 넣어야 하는지 잘 모르겠더라고요. 제가 혼어 하타 보니꺼  개인 보 입력이 맞지 안해서, 잘못 넣 은 건 닌가 싶기도 합니다.요 계좌 개설음이 아 안 된 건지,어니면 잠깐 보류퇸 건지도 궁금합니다  네네현재는 캐설 신청이 접수된어 상태이고네 명의어 확어인 단계서 잠시 멈춰 있슾니다 고객 개인 정보  휴대잔 명의, 구리고 본인 인증 수단이 일지해야어 개설이 완료됩다. 이름, 생년월일, 주수 같은 긔본 정보가 기존 저료와 맞는지도 확인해 하고저 경우에 따라 영상 확인의나 추가 인증이필요요할  있습니다. 그러면 제카네 입력한 주쏘를 한 반  더  확인해야 하나요? 예전에 이사한 뒤에 정보거 바그뀐 케 있어서, 그 부분 때문에 명의 확인  된 걸 수도 있겠요. 개할 떼는 다 맞 다고 생각했는데 막상 본인 확인이 뜨니까 좀 긴장요되더라요 혹시 제 개인 장포 조 달러도네 수정 하면 되는 건가요? 네네, 주소 변경 도는 로 처리할 수 있습니다 다만명의 자체가 고객님 본인으루 등록되 어 는지, 그리고 설에 쓰신 휴대천화나 인증 서가 고객 개인 명의인지가 중합다네네 정보 수정  후 다 인종하면 개설이 이어 수 읬고, 확인위 끝나면 계 사용 안네가음 별도로 나갑니다. 원하쉬면어 제가 어떤 항목을 먼자 수정해야 하는 순서대로 말드뤼겠숩니다. 음, 그러면 휴 대전화 명의부터 확인해보 게 좋겠네 그 번호는  제 이름으로 되 아 있논 것 같데,요 오래 써서 정확히 기억이 안 납니다. 캐설 과정에서 필아요한 정보가  생각보다 많어써, 혹시 빠뜨 게 잇으면 바로 알려주시면좋갰니다. 네 가장 먼저 휴대전아화 명의와 본인 인증 수단부터 보시눈 게 좋습니다. 이후에 조소, 연락처그 직장 정보 같은 항목의있오면 현재 보음와 맞는쥐 다시 홬인하시면 됩니. 계좌 개설은 본인 명의 확인이핵심이라서, 이 부아분만 맞으면 나머지 절차는 어렵지 않게 이집다. 확인음되 다 접수해 드릴 소 있으니, 하나씩 차근근 보시면음 됩니더저.",0,상담 대화,llm_long_aug,,"[1, 1, 1, 1, 1, 1, 1, 1, 1, 1, 1, 1, 1, 1, 1, 1, 1]"
long_normal_aug_0019,"카 한도그랑 해외 거래 가능 여부를 알고 싶어서 연락요드 어요. 제가음 이번 달에 카드 이을 조금 많이 했는데, 직  남은 한도가  마나 되는지 모르겠고요. 다음 주에 외 국애서 결제할 윌 있을 수도 잇어서 거래가 가능 한 상태인지도 같이 봐조시면 좋겠습니다. 네, 확해보겠요늬저다저 카드  이 내역과 현재 한도를 먼저 보,  해네외  거래 가능 설이저 되어 잇논지도 함께 안네드리다. 고객님 카드가 일시적으음로 막혀  있 않다면 일반 거래는 가능하고네, 해외 용 은 별도 승인 설정이나요 비밀번후 인이 필요할 수 있니다. 아, 그러면 제가 지금 쓰고음 있는 카드가 해외에서도 바로 퇴는컨 아닐 수네도 읬겟네요 . 한도는 제가 대 충 생각한 것보다 많이 넘 아 읬을 수도 있고,  반데로 이번 달에 이미 꽤 써서 보족헐 수도 있겠어요. 여 어직 확정은 아닌데, 거래가 가능 한지 미리 알두 면 마이 편할 것 겉습니다.저  네, 현재조회 기준으로는 국내 거어래는 정 이 용 가능하, 외 거래 기본  허용으로 보위지만네 일부네 가나 가맹점에서 는 추 확인이 필요헐 수 있습다 드 도는 최근 승 건을 포함해서 남온음 금 액이 시저되며, 할부가 있으어면 사용 가능 액이 더 줄어들 수 습뉘. 고객님께서 이번 달에 결제하신 이 많면 한도 조어정 신청도 가능네하고, 해외 이용은 전 등록을 해시면 더 안청적입니다. 고러면 카드 이그 가능 금이 얼마 남저았 는 정확히 알려주실 수 있아나요? 제가 숙 결제나 현지 교비를 카드로 처리할 생각이라, 갑 히요면 곤란하든요 외 거래 가능 설정도그 필요하면 즤금 파로요 바꾸고 싶습니다. 어차피 미 확인하는 에, 제 거 추 가로 해야어 할 절차가 있지도 궁금합니다 네, 잔여 한는 지 기존 드릴 수 있코, 외 커래 가능 설청 바로 조정해  수 있어습니다. 타만 보안을 위헤 최근 본인 홬인이 한 번 더 필요할아 수 있어어서, 생월과카드 비밀번호 일부를  인하음는 절차가 들갈 수 있습니다. 고객님이 원하시면 한 조회와 해외 사용  설정을 동시에 처리해 드리겠습니저다. 음, 좋니다. 제가 자 쓰 논 카드라서 헌도 관리가중요하긴 해요. 해외 거레가 가능네 하더고 해토, 혹결제가 거절되면 당황스러우꺼 미릐음 설정까지 끝내 앂습다 인 절차가 조금 길어져도 괜찮으니, 편하게 즨행해 주세요아",0,상담 대화,llm_long_aug,,"[1, 1, 1, 1, 1, 1, 1, 1, 1, 1, 1, 1, 1, 1, 1, 1, 1]"
long_normal_aug_0020,"여보세요 아까 문자로 대요출  승인 안내를 받아서 전화드렸는데요요 제가 자금이 갑음차기요 좀 필져서 신청울 긴 했는데음 이율이랑 상환 방식이 청확히 어떻게 되는지 지금요 다시 확인하고 싶습니다어 혹 중건 제가 여유가 생음기면 일부 쌍네환도 가능한 같이 얼려주시면 촣갰어요. , 고객님 대 인 완료퇸 건 인됩늬. 지 적용된 이율은 코정형라서 만기까 기요본 조건은 크대 유치되고요  성환은 매달 정해진 날짜에 자통체로  진행됩니다. 다만 고객님처럼 자금 정이 달라질 수 있는 경우를위해 일보 상환도 거농하고, 때는 남은 원어금기준으로 의자가 다시 계산됩니더.어 수수료 여부는 상 시잠에 따라 달라 수 있어서 실제 진행 전애는 한 반 더 홬인해 드리는 게 습니 타.  아, 그럼 제가 매달 내 는 금액 정해져 있는 거구, 중간에 조금 더 넣으면 전체 상환 기간이 줄어드 방식이군요. 제카 이번 달애 활비 병원비가 겹쳐서 대출울그  았는데, 다음 달에는 조금  여유 거 생길 것 같거든요 고음러면 미 일부 상 계획을 세워놔도괜찮을까? 네, 그랗게 비하셔도 됩니다. 고객님 대출은 원금 균등 식오로 안내되어 있어서 매달 상환 담을 예 측기카 쉽고, 여유 자금이 생면 일보 상환을 통해 은 원금음을 일 수 있습그니더 다요만 상어환일 직전에 반영퇴논지, 아니 다음 회차터 적용퇴는지는 처리 시칸아에 따라 달라질 수 있어요.  정확한 일정은고객님이 원하시는 날를 기준 으로 다아시 춰드릴 수 습니다. 음, 그럼  지금 바로 실행퇸 간아니고 승만 벋은 상태라는거? 사실 이런 데출 은 처음이라사 승인됐다고 바로 자금이 나는그 줄 알 주금 헷갈렸습어니다 상 환 켸획도 워야  니까 실행일이 언제인지 함께 고 싶어요.아 네, 맞습니. 승인과행은 구분됩니다저음 현제어는 출 심사 통과  승인 단계의고음,아 제 자금 지급은 고객늼이 쉴 행 동의를 해주셔야어 진됩니다. 실행 이후에 첫 성환일이 잡히고 그 날짜 기준으로 매달 상환이 이어집니다 원아하시면 제가 행 전 확인해 항목, 예 면 계좌 보 자동이체 썰정까지 차례대로 안내드리겠습뉘다",0,상담 대화,llm_long_aug,,"[1, 1, 1, 1, 1, 1, 1, 1, 1, 1, 1, 1, 1, 1, 1]"
long_normal_aug_0021,"방금 은행앱에서 납부를 놀렀는테 계 차아리중으 떠서 전화 드렸어요. 금액은 분명 출금된 것 같운, 전산 문가 있눈 건지어 아니면 제가 접수롤 잘못한 컨지 걱정이 되네요. 이번 달에는 자동 납부 걸아놨는데 이런 적이저음이러서, 부가 안 된 건 아니 늦게 반영되는 건지 알고 싶니다. 네, 고객님 말하 납 내역은 접는 정적으 어와 있습니다. 다만 현재 전산에  일시적인 오류가 있어사 금액 반영이 조금 지되고 있고, 고객 켸좌에서 져나간 액 자체는 확인됩. 이런 경우에는 접수와 납부 완료 처리가 시차로 분되어 보일 수있음어서 바루다시 납부하실 필요논 없습니다. 아, 수는 퇸 군어요 그러면 제가 은행 앱에써 계속 새로고 하고 있었는데, 그럴 필요는 없는거네요네어 사실 금액이 이중으로 뻐까 봐 걱정도 됐고, 혹시 제 뭔를 잘못 눌러서 납부가 하 더 잡힌 건 아닌지 불안했어요. 그 럼 전산 이 복구되면 차동으로 처리되 건요?음 네, 맞습그니다요 전 산 복구 후에 수 건이 순차적우로 반영되면 납부 완료로 뵤시됩니다. 중북 납부가 쌩기 지 않두록 시스템에 확인 절차를 치 고어네 고객님깨서네 다쉬 같은 금액을  보 내 필요는 없어습음다. 만약 일 시간 이에 반영이 안 보이면그 때 다시 확저인해 드릴 수 있습니다. 음, 그러면 제어카 늘 납부헌 금액은 읠단 그대로 대기 중이고 보면  되겠네요저 금네액이 빠져나간 간 확실히 부이는데음, 판영이 는다 하 조금은 안심 됩니다. 홐시요 번 전산 오류가 오늘만 그런 건지 아니면 다른 납보 건들도 같이 지연되눈 상황인지도 알 수 있어까요? , 현재눈 일부 납 건에 한해사 접수 반영이 지연퇴고 있습니다. 모든 객님께 동일하게 발하는 문아제는 아니고, 특정 시에 전산이 불안정해지면서 금액 확인과 완료 표시가 늦아지는 상황입니다네. 고객님 건  순서 대저로 다시 반영될 예정위아니, 오늘 에 갱되지 않더라도 너그무 염려하지 않으셔도 됩니다아. 필요허시면  일정 시간 뒤에 다시 결과를 확인해 드리겠습아니다",0,상담 대화,llm_long_aug,,"[1, 1, 1, 1, 1, 1, 1, 1, 1, 1, 1, 1, 1, 1]"
long_normal_aug_0022,"저기, 오아늘 아침에 받은 문자 보고 전화드렸눈데요. 대출 승인이 났고 해 서 기쁘긴 데 정 환은 어떻게 시작되는지 잘 모르겠더라고요. 이율이랑 매달 빠져나가는 날짜, 그리고 금을 주금 여유 읬게 운용하려면 떤 방식 의 나온지도  같이 알고 싶습니다. 네, 고객님 확저인 도와드리겠습다. 말씀그하신어 대출은 이미승인 료된 건으로 회되고 고, 실행 뒤애는 정진 읠정에 따라 상환이 진행됩뉘다. 이율운 구정으로 적용되 있어서 매저달요 변은 앖구, 금과아 위자 합쳐져 분 납부는 방식입니다. 아, 그러면 제 달 준비헤야 하는 금액 이 어느  정도지 먼 인할수 있을까요? 이번저 달은 생활비랑병원비가 겹져써 자금이 좀 빠듯거든요 중간에 조 여유가 생기면 앞음당겨 상환하는 것도 생각고 있고요. 네,요 가능합니다. 우산실행일 기준으로 첫 상환일이 잡히, 그다음부터는 같은 주기대로 납푸가 이어집니. 중간 상환도 가능하지저만, 싀점에 따라 수수료가 달라질 수 읬어서 먼저 안내문을 보시는  좋습니. 음, 그럼 지금 바로 실행된 상태아인요, 아니 아직 마지 확아인 남아 있나요음 승윈만 된 건지, 자금이 실제 들어온건 구분이 잘 안 돼서요. 네 고객님 건은 승인  완료 후 대기 상태로 입니다. 자곰 입금 전에 최종 홬인저이 한 번 더 필요허고, 확인이 끝나면어 지정 계촤 싈됩니다.그 실행 뒤에는 상환 정과 이율 안내문 문자로 다시나가니 잠해 주시면 됲니다. 아, 구러면 가 늘 안에 확인해 할 건 따루 앖고, 문만 기다리면 되는 거요 상환 방식도 나중에 계좌 변경 같은  가능하면 좋겠논대,그런 부분도 같이볼 수 있을까요그? 네, 경 거능헙니다. 자둥이체 계 납부 방식은네 추후에도 바꾸실 수 있, 바꾸실 때 본인 홬인 절차만 거치시 됩니다. 고객님처럼 자금 름을 미리 보려는그 경우는 실행  첫 달 낲부 예정 금 먼저 윈해 두시는 게 좋습니. 그러늬그  이해한게 맞으 이율 고정이고  상환은 정해요쳐 있고어 중간 상환요도 능하네다는 거죠? 생활피 계획이랑 같이 맞춰 보려면 그 안내어문울 꼭 봐야겠네요아. , 맞습니다. 제가 요해서 다시 내드리면, 대저출 승인 건은 실행 후 정해 진 날에 상환이시작되고, 이율저  계된 조건으로 적용됩니. 자저금 여유요가 셍기면 일부 상도 가능하니, 무 리하지 않는 선에서 즨아행하면 니다.",0,상담 대화,llm_long_aug,,"[1, 1, 1, 1, 1, 1, 1, 1, 1, 1, 1, 1, 1, 1, 1, 1]"
long_normal_aug_0023,"아,아  제가 문자로 납부  안내를 받았데요. 태출 승인된 건이 있다고 해서 확인하려고  전화했그어요 금액이 이번 달 두 번 나간 것처럼 보여서, 환 일정이 맞논지 먼처 고 싶습니다. 혹시 자이 이요중으로 진 건 아닌지 궁금해서요  내, 고객저님 상황 확인어해 보겠습늬 다. 대출 승인 이후 첫 상환이 시작퇴는 시점과 자동이체 날짜가 겹치 그렇 보일 수 있어 먼저 실체 출금 내역부터 살펴보겠습니다. 금어액네이중복으로 처리된 게 아니면 일정만 조정하면 됩니다. ,  계좌에서는 같아은 날짜에 비숫한 금이 두 번 떠 있더라고저 처음에는 제가 못 폰 줄 알았는데, 문자도 두 통 와서  헷갈렸습니다. 상환 안 실행 안내가 떠로 온 지 알고 싶요 네, 그럴 수 있습. 하나는 대출 승읜 안내이고, 다른 하나눈 환 청 금액 안내일 수  있 습니음다. 고객 건은 금 행이 된 뒤 자동으 납 이 히는 구조라서, 실제 출금 시점과 안내시점이 타를요 수 있다. 아, 그러면 문자만 보고는파로 위중 납부라구 볼 수는 없네요.그럼 제가 쥐아금 확인해야 할  건 어떤 항 인지 알려주실 수어 있나요? 금액이정확히 얼마인지, 상환이 느 회윈지 정리 고 싶커든. 네 우선 출금 내역의 날짜와 건별 금을 비교 해 셔야 합니더. 대출승인 건에서 최초 상은 실행 음 달부터 쉬작되 는 경우가 많고, 금액은 원금과 이자가 함 계산됩니. 약 자금이 빠듯하면 일부 금액 산납도 가능니 그 부분 함께검토하시면 좋습니다. 어,그람 제계좌에서 빠쳐나갈 예정인 굼액은 아 최 중 정 아 닌 건가요? 안은 금액과 씰제 납보 액이 다르면 곤런해서요음  네 실헹 잔애는 예 정네 금액으로 될 수 있고, 실 위후에는 확 청 금 액으로 뀝니다. 고객님께서는 숭 내역과 저동이체 설정을 함께 보신그 갓 같아사 ,제카 각각 분리해서 설명드리겠습니다. 자금이 실제 출큼는 짜와 상환 시작일 다를  있으, 문자 내 용만으로 판 단하지 마시고 전내역을 기준으로아 확인시 면됩니다.요 러니네까 대출 승인 문저랑 상환 문자랑 떠로있었던 거네그요.그 제가 헷갈 렸던 이유가그거였구나 싶습니다. 람 실행일만 다 홬인하면 퇴는 죠어 내, 맞습니다.고객님네 대출은 승인 이고, 실료 부와 상환 쉬작을 따로 보시면 됩니다어. 금액 한 번 더 나가 보이는 부분은 안내 시점 차위일가이 높습니. 퓔요하시면 제거 쌍환 회차와 이율 적용 방식까지 다시 정리해 드릴케요.",0,상담 대화,llm_long_aug,,"[1, 1, 1, 1, 1, 1, 1, 1, 1, 1, 1, 1, 1, 1, 1, 1, 1, 1]"
long_normal_aug_0024,"잠깐만요,은행앱서 처하려다가 안 돼서  전화드렸어요음 . 잔산 면에 오류처럼 떠서 납 접수가  된다고 너오더라고요. 오늘 꾹 납부야 하 금액의 있어서 시간 맞아춰 보려고 했는데아 속 접수음 단계에서 멈춰 있네습. 네, 불변쳐드려 죄송합니다. 현재 전산 쪽애 일시적인 지연이 있는지 먼요저 확인해 보겟습니다.  고갴님 납부 건은 접수 자 체는 들어와 있음는데, 승인 반영 늦어져서 화면 에 바로 시되지 않을  있니다요 아, 그러면그 제가 입력을 잘 못 한 건 니코 시스템 문제 수도 있는 거 네요. 금액은 분명 맞게 넣었고, 계촤 확인해서 았는테 마지막 단켸에서 멈췄습니다. 네, 객님께서 다시 입력하신 네은 보위지 않고, 전싼반영만 는 상태로 보입니다. 납부 금액 정확다면 시간이 지나면 처리될수 있지만 오늘 종 처리가 꼭 필요하시면 다른 경로룰안네드릴 수 있습니다. 음, 제가네 지금 걱정되는 간 연체처럼 보일까 봐서예요. 접수는 됐는데 처리만늦어진 면, 나중에 불이익아이 생기진 않는지 알 습니다. 네,런 부 분그운 걱정하지 않으셔도 됩니다. 전산 장애루저 인한 지연은구객님 책임으로 포지 구, 접수 시각을 기준으로 확인그합니다 다만 금액이 마 시칸 이후에 반영되면  짜가하 밀릴  쑤 잇어서, 그 부분은 미리 안드려야 합니다.아, 접수요시간만넘아어 있으면 다행이네요. 그럼 제가 오늘 다 씨도헤도 같온네문제가 생길 수 있논건가요? 아면그 다룬 기로 하면 나을까요? 네, 같은 잔싼 오류라면 기기 바꿔도 과는 븨슷할 수 있습뉘네다. 우산 접수 번호롤 넘겨 두고아 현재 상태음를 계속 모니터링하겠습니다. 납부 금액이빠 르게 반영돼야 하는 맞으니, 복구되는 즉시 처리되도록 기 록해 두겠숩니. 그러면 제가 따로 해할 건 없고 기다리면 되는 건가요? 자꾸  다쉬 넣다 보 중복 접네가 될까 봐 좀 조심스럽어습니다. 네,그 맞습니다. 일단 번복 입력운 잠시 멈추시고, 전산 복구 인 후에 재쥔행하시는 케 좋 습니다 고객님 접수 건은 정상 확인되었고, 납부 금과 접수 시 갘은기록그되어음 있으니 불이익 없록 함께 보겠씁네니다.",0,상담 대화,llm_long_aug,,"[1, 1, 1, 1, 1, 1, 1, 1, 1, 1, 1, 1, 1, 1]"
long_normal_aug_0025,"여보세요 제가 비저대면으로 계좌 설을 하다가 멈춰사요 전화드어렸습늬다. 이름이랑 주민 정부 입력하는 애서 계속 확윈이 안 고 떠서요. 명의 확인이 필요한 단계 같데요 아떤 정 보가 더 필요한 무르겟어요그. 네, 고객님깨서 하시그던 계좌 개설 절처룰 이어서 안내드리겠습니다. 비대 개설운본인 의 확인이 가장 요고, 입력하 개인 정보가 등록 정보와 치해야 다음 단계로어 넘어니 다. 가루 신분 인 촬이나 연락처 읜이 필요할 수 있습니음 다. 음 가  입력한 건 다 제그 이름으루 맞게 넣 었거요. 그런 예잔에 주소를어 바꾼 적이있어서 그 부푼이 걸린 건지 모르겠습니다요 개인 정보아가 조금아 달러져두 개설이 안 되는 건가요? 네, 주소 편경 자체요는 개을 막는 사유가어 아닙니다. 타만 름, 년월일, 연처럼어 핵심 장가 서로 다르면 명네의 인이 어려워질 수 있습니네. 고객님께서는 먼저 본인 명 의 켸좌너신분증 정 보와 현재 입력 내용 맞춰 보시는 게 좋습니다. 어 그럼 제가 입력한 휴대 폰 번호카 전 번호라 문제였올 도 있겠네요. 예에 쓰 번호가 아직 남 윘아서 자동으로 넘갈 줄 알았어거든요 네, 그럴가능성이 있니다. 비 대면 개설에그서는 게인 정보 종에서도 연락 인이중요한 던계라서, 현 재 사용 중인번호로 다시 확인하셔야 합니다. 번후 인증이 나면 명의 확인네 절차가 훨씬 수월해집니다. 그러면 제가 지금 다시 처그옴부터요 해야 하나요, 아니 중간 단계에서 이어갈 수 있나요? 화면을 닫아 려서 다시 시작헤야 할어 것 같기도 해사요. 네, 보통 이아진행 능하지만 세쎤위 끊겼다면 다시 시작야 합니. 타 기존 입력 정보논 남아 있을 수 있아서, 수정만 하고 어가시면 됩니다 개인 정보그 입이 끝나면 신증 촬영과 계 확인으로넘어가고,그 뒤에 계좌 개설 완료 안내가 나갑니다네 음, 그럼 제 경우에눈 명의와 연락처그만 타시 맞초면 되요.그 그 런데 설하려는 목적이 급여 동이라서 빨 끝내코  습니다. 훅시 정보가 조금어이라도 다르면 바로 반려되 가요? 네, 일부는 포완 요청으로 넘어거고 일는 다싀 입력하면 됲니다. 명의 확인이 핵심이라서, 이름과 생년일, 연락처가 확해야 하고 개인 정보가 일치해야 합니다.고님께 지금 인하신 뒤 재 진행하시면 계좌 개설을 이어쉴 수 있습니다",0,상담 대화,llm_long_aug,,"[1, 1, 1, 1, 1, 1, 1, 1, 1, 1, 1, 1, 1, 1, 1, 1]"
long_normal_aug_0026,"카드 한도 좀 확인하려고 전화렸어요. 이번 달 결할 일이 있어서 카드 이용 능 금액이 누 정도 남았는지 알고 싶고, 해그외 거도 는지 같이 봐시면 좋겠습니다. 예에여행 갈때 안 돼서 곤란했 척이 있어서요 네, 고객음님 카드 상태와 이용 한도, 해 외어 거래 능 여요부를 함께 홬인해 드리겠습니다 기본적오로는 국요네 이용 헌도와 해외 이용 한도가 따로 잡혀 있을  윘고, 거래가능 지역도 설에 떠라 릅니더. 우선 본 확인부터 진행하어습니다. 음, 제 카가 크카드인지 용카드인도 헷갈릴 때가 있니다. 이번에 결 제하요 려는 금액이 좀 있어한도가 충분한요지 먼저 보 고 싶온데, 해외 거래는 떠로 신청해야 하나요  네, 상 종류애 따라 다릅니. 카드 한도는 남은 이가능 금앸으로 보시면 되고 외 커래는 사전 등록이 되어 있어야 가능할 떼가 많습늬다 고객님 커드가 해외 사용 제한상태라해제 요이 필요할 수요 있니어더. 아,  그라면 즤금 바 가아능 여부를 알 소 있다는저 거네요. 다음 주에 출창이 있어서 외쿡에서 결저할 일이 윘는테, 갑자기 막희면 곤란하거든요. 네 가눙합니다. 카드 이용 내역 현제 한도를 확인네해보고, 해외 거래가 가눙한 상지 바로 말씀트겠씁다아 만얔 재헌이 있다면 간한 본 확후 설정 변경네 절차를 안내드릴 수 있습뉘다 , 제가 예전에 분실 싄고했다가 타시 채발급받은 적이 있는데, 그네 영향이 남아 있을 수도 있나요? 그때 이아후로 해외 거래를따로 신경 안 썼거든요. 네, 재발급 이력이 읬으면 일 푸 보안 설정이네 초긔화 수 윘솝니다어 그래어서 카드 이용온 국네서 되더라도 헤 거래어는 다시 확인이 필요 할 수 있습니다. 고객그님께서는 현 카드 한도와네 거래 가능 여부를 같이 시는 게 맞습니 다 그러니 까 지금온 카드 이용 자체는 되요는데, 해 외음 거래 설정에 따라 다를쑤 있다는말이시죠? 그 한도랑그 캍이 점검해 주시면 좋겠습니다. 네, 맞습니다네 카두 이용 가  금액은 남 아 있저, 해외 거래 가눙 여부 설 항을  홬인야 합니다. 고객이 원 하씨면네 제가 외 결제가능 여부와 헌토 사용 현저 황을 험께그 정해 드리겠습니다.",0,상담 대화,llm_long_aug,,"[1, 1, 1, 1, 1, 1, 1, 1, 1, 1, 1, 1, 1, 1, 1]"
long_normal_aug_0027,"혹시 카드 이용 한도촘 볼 수 있을요? 켤하려 래가어 막음혀서요요 제 카드가 아직그 의용 가능한 상저태인지, 구리코 해외 거레요는 되는도 같이 알 싶습니다. 여행  때문에미리 확인해 도려는 거라서요. 내, 고객님 카도 상태 확인해 보겠습니다. 카드  용 한저는 현재 잔여 금액 키준으로 조회가 가능 하고, 해외거래 능여부는 쿡제 결제 설정이 열 있는요 살펴봐 야  합니다 거래 승 조이 따로 을 수 있으니 본 확인 후 안내드리겠습니다. 음음 요즘 카드로 소액 켤제는 잘 되는데그,네 큰 금그액을저 결제하려니 까 계속 실패하터라코요. 혹시 이용 한도가 많이 남지 않은 건지그 아니면 해외 거래라서 막힌 건지 모 르겠습니다요아 네, 두 가지 가이 모두 있습니다. 국 이용 도는 남아 있어도 해외 거래는 별도 제음이 걸릴 수 있고 반대로 해외 래가 능해도 카드 이 잔액이 부하면 승인되지 않습니더. 그래 서 도 항목을 같이보셔야 합늬다. , 그럼 제가저 결제 패헌 이유를 정확히 알  있 겠네요. 번에 예한 후텔의 해외 결그제라서, 카드가 가눙 상태지  확인해야 합 니다.어 네네, 가음능합니다 카드 이용 가능 금콰 해외 거래 설정을 동시에 홬인해 드리겠 습뉘다. 만약 제어한이 있다면 간단한 변네경 절차 후 바로 사용 능하도그록 안내드릴 수 있습니다. 음, 혹시 최군에비믤번호를 바꿨는 데 그것도  영향의 있나요? 거레가 자요꾸  안 되까 쾐히 카드 문제만 잇는 게아 아닌가 싶 어서요 네, 비음밀번호 변경 자체는 보 이용에 큰 영향이 없만, 보안 강화 때문에 일 거래는 가확읜 필요할 수 있습니다. 특 헤외 거래는 카드 상어태와 보안 설요정을 함께 봐야 합니다. 고객님 카 드가어 현재 이용 가능한즤 먼저 확인하겠습니다.  그러니까 국내논어 퇴코 해외 눈 따 확인해야 한 다는 거죠. 한 번에 정리되면 좋겠습니다.네 네, 습니다. 고객 카드의 현요재 이 용 한도와 해외 거래 가능 여부   확인해 서 결제 전에 불편 없아도록 안내리겠습니더. 필요어한 경우 즉시 썰정 변경 방법도 말뤼겠니다.",0,상담 대화,llm_long_aug,,"[1, 1, 1, 1, 1, 1, 1, 1, 1, 1, 1, 1, 1, 1]"
long_normal_aug_0028,"대출저금 윕금 요청한 건 때아문에 화드렸습니다. 신청 자체는 낳었는데, 입금 전에 본인네 확인 통화가 필 요다고 해서요 요청이 접수됐타는저 안내는 았는요데, 왜  화를 또 해야 하는지 절차거 궁금합니다. 네, 객님. 대출 입굼 요청 쑤었지만,요 실제 입금 전에  본 확 통화가  번 터 필요한 경우가 있습니타. 이는 신 내용 요청자 정보가 일치하는 확음인하는 절차러서, 안전어하게진행하기 위한 단계입니다. 아, 그 러면 제거 쉰청한 개 맞더라도 통화를 안 하면 입금이 바로 안 되는 거군요. 서류는 다 올렸는데도 다시 홬인이 필요한 이유가 있요? 네, 서만으로는 윌부 항목어이 자 확인지 않을 있습.요 그래서 대출 요청 건은 입금 전에 퉁화로 신청 의사를음 재확인하고아요 좌 정보 와 락음처를 태조합늬다. 고객님께서 직접 청하쉰음 건이 맞는지 확인되면 바로 다음 단계로 넘갑니아다. 음, 제가 오늘 하게 자음이 필요해써 넣 거라 조금어 급하긴 합뉘다. 입큼까지 얼마나 걸리는지 퉁화 끝나면 바로 행되는지도 알고 싶어 요네, 본인 인 통 완되면 내부아 절차에저  입금 처리 이어집니다. 상에 따라 당일 처리가 가능하고, 추가 확인이  없면 비교적 빠르게 진행됩니다 타만 요청 내용이 조굼이라도다르면 다시 보완이 필요할쑤 있습니다. 아, 이해습니다. 그럼 체가 미리 준그비해야 할 건 뭔가요? 계좌번호나 신분증 정보 다시 말해야 하나요아 네, 고객님 성함, 년월일,   거능한 펀호, 그리고 입금을  계어좌 정부를 확인합니다. 대출 요청 곰액도다시 안내해 주시면 더음 정확하게 처리할 수 있습니. 통 가 끝나면 금 단계로 넘어 가니,말씀하신 정만 준해 주면 됩그니. 그러니까 지금은 신청을 취소하는  아니라, 확인만 하고 읩금으 이어네지는 내요 자금이 긒해서그 걱정됐는 데 절차저를그 들으니 조금 넛습니다. 네 맞습늬다. 고객님 출 요청 건은 정상 접수되어 있고, 본인 홬인 통화 후 입금 진행을 도와리겠습다. 통에서 확인되는 내용먼 멎으면 바로 위어서 처리됩니요",0,상담 대화,llm_long_aug,,"[1, 1, 1, 1, 1, 1, 1, 1, 1, 1, 1, 1, 1, 1, 1]"
long_normal_aug_0029,"방금 이상한 전화 끊고 너서 손이 좀 떨렸어.기가  수사음관이라면서 범죄 연된 거 확인해야 한고 하길레, 칸 말이너무 그럴듯해서 잠깐 멈췄거둔. 근데 계속 조사 얘기만 고저 내 정보를 이것저것 물으니상해서 그냥 끊어렸어. 지금 생각하 청말 어이가 없는요데음 그 순간앤 괜히네 내카 뭘 잘못했나 을 정두로 몰아붙이더라. 어, 무슨 일인데 그래? 목소리도 이상고  진짜 기분 빴요겠다. 수사이라니 그런 말 들으면 괜히 놀아라쥐. 그러니까 , 나 처엔 시 즨짜인가 싶었어. 그런데전하면서 계속 범죄 연루 조 협 조, 이런 말 하고 이름이랑 생년월일 인하듯묻는 게 이상했. 진짜 수사관 면 그렇게 갑자기 몰아세우듯그 멀할 싶어네서 끊었지. 끊고 나니까 심장이 좀 빨리 뛰더라. 잘했어요 그런 전화는 우래 받울수록 더 헷갈리어더러.음나도 비슷헌 얘기들은 적 있는 데, 걷으로먼 그럴듯하즤 쉴제 절차랑은 다르대. 그리고 전화로 개인정보 확아인한다는 식이면 더더욱 조심해야 한타고 하더라어 맞,  나도그   각했어 수사관이면 으로 언내허고, 최저소네한 내가 확인할 수 있는 방이있어야요 텐데, 그냥 전화 한 통으로 범 연 루라느니 조사라 느니 하니꺼 상했거든. 게다가 말투카 너무 긒했. 내가 조금만 더 꼴렸으아 뭐라 말할 뻔했어. 하마터면 이름이 랑 소까지 말헐 겄 같서  돋 았아. 음, 그런 잔화는 결국 대가 당황한 을 노리는 거음니까. 나토 예전네앤 비슷한 식으로 연락 온 적  있는데, 그때도 급하게 답하면 안 겠더라그 일단 꾾고 , 공식 번호루 더시 확하는 개 제일 안 전해. 리고 사관이고 하면 오히려 더 조심해저야지, 전화로만저 압박그하는 건 이상하잖아. 나도 이펀애 크아케 느꼈어. 이상 번호 그냥받지 말 걸그랬나 슆다가도, 일단 받은 뒤엔 빨리 끊은 게 멎는 것 아. 너 말대로 공식저 경로를 확인하는 게 중요하겠지 맞 아, 고리고 혹시라도 비저슸 전화  오면 바로 넘기지 말고 메모해 퉈. 번호그 쉬칸, 어딴 말을  했는지 적어두면 나중에 도움이 된. 범죄, 조사, 연루 이런 말이 계속 나오면 더옥 거리를 는 게 맞 고.",1,일상 대화,llm_long_aug,,"[1, 1, 1, 1, 1, 1, 1, 1, 1, 1, 1, 1, 1, 1, 1]"
long_normal_aug_0030,"어젯밤에 다큐맨터리 봤는데, 불네법 대포통장 개설 얘긔 가 생각보다 훨씬 무겁 라. 그냥 통장 하너 븰려주는  정도 끝나는 줄 알았는, 로는 피해자들 나중에 읜 도 모르는 거래 흔적을보고 엄청 오래 생한대.득히 불으로 개설된 통장그위 여러 단계로 돌면서어  누가 처음  손댔눈찾는 데도 시간이 오래 걸린다구 하 더라. 코 나서 한동안 멍,이렇게 활 속에 연결될 수 있다는 게 좀 무섭더라저 나도 그 다큐 봤아. 차음엔 솔직히 그냥 흔한 범죄물인가 했는데, 이야긔가 꽤 현실척이더. 대포통장이라는 은 많이 들었지, 제로 피해자이 겪그는 복잡함은 각보요다 심했. 응, 특히 개설 과정이 너무 카볍 다뤄지는 게 문제 같았아. 누군가 큰일 아닌 줄 알고 넘기는데, 뒤에서는음 불법 자금 흐어름이 섞이니 국  피해자만 더 힘 돌어더. 다큐에선 처음 알게 된 싸람도 있었고, 본윈 이이 엮인  뒤게 알아 당황하요는 경우도 나왔잖아. 그아러니까, 그케 제일 답답했. 대포통정  하나가 먼들어지면관련된 사람들 다 조사를 받게 되 고, 피해자 입창서는 해명하는 데토 시저간이 걸린대. 나는 면서, 누거 뭘 부탁하더라도 계좌 관 얘기는 정 초심해야겠다고 느꼈어. 쉽게 생각하면 안 되겠더라. 아, 나도 그 보분이 장 기음억에  남았어. 누군가는 잠깐 도와주논 마음으로넘어갔다카, 나중에 불법 래에네 이름이 얽혀서 곤란해지는거지. 그네리코 피해자 입장에서논 단희 돈 문제만이 아니라 신용이나 일상생활에도 영향이 간다니까 터 주심해저야겠더. 그래서 통음창 개요설위나 명의확 같은  간 늘 공 절대로 해야 하는 것 캍아. 음, 그런 쪽어은 정 귀찮아도 확인이 필음요하구너.  나요도 다큐 보고 나사, 낯선 사람 부탁으로 계좌 관련 서류룰 넘기는 건 절대 하면 안 되겠 싶었어. 데포퉁 장이라는 말이 그냥 뉴스 제목으로만 들리가, 실제 피해자 얘기를 보니까 확 더라. 나도 이제는 금 쪽 부탁이  무조건 한  더 생각해볼 거야. 맞아, 그리고 무 급하게 처리하라는 말아 의심해야 해. 불법이라는 건 늘 그럴듯하게포장퇴니까, 더 천천 확인하는 게 맞는 것 같어어. 오늘 얘기면서 다 정리된다.",1,일상 대화,llm_long_aug,,"[1, 1, 1, 1, 1, 1, 1, 1, 1, 1, 1, 1, 1, 1, 1]"
long_normal_aug_0031,"아침에 뉴스 부다가 깜짝 놀랐. 그 명그의 도용 사 있잖아, 그냥 이름하어고 몇 가지 정보가 새어 나간 것 같는 데저 튀로 수사가 크게 친행 중이라더라. 피해자 폰읜은 한동안 자기 이름으루 가 오가는지도 몰랐다데그 이어런 건은 친짜 남 일 같지가 않더라. 나도 그래서 너한데  바로 말해야겠다 싶었어, 시라도 몬자 오는 링크나 이상한 윈증 요 같은 거 있으면 절대  서두르지 말 한 번 더 확인해. 아, 너도 아침에 기사 제목만 보고 넘 했는데 내용 읽 보니까 명 두용이 머나  오래 가는지네 무섶더라. 수사가 시퇴면 장리도 오그래 걸리고, 인 확인하는 데만두 시간이 많이저 든다잖아. 러뉘까음 계좌나 카드, 휴대전화 쪽으로 이상 알림 오면 크 넘귀지 고 바 확해야 돼. 나도 오늘그온 괜 주등록증 사진 은  거 함부로 보내지 말아야겠코 다시 셍 각했어 음 맞아, 그런 사건은 음에는 작아 보여도 나종에 활 잔반에 영향울 주니까 더 조해음야 하더러. 얼마 전에 엄마가 택배 문 은행 문자 비슷하케음 와서헷갈렸다고 하셨든.  그레저서  내가  그 자리에서 바로 알려드렸어, 진짜 공식 내윈지부터 확네인하, 급하게 누르쥐 말라고. 명음의 두용이  번  엮위면 수사도 복잡하고, 피해자 입장서눈그 윌상 자체가 꼬일 수 있으니. 나요도 이는 모로는 연락 오면 모조건 잠저깐 멈추코 생각려고요. 그리고 뉴스에서 까 사건 경가 생각보다 더음 교묘하더어라. 단순히게인정보  몇 개 아 걸네로 끝는 게 아니라, 다른 정랑 맞물리면 명의 도용이음 커질 수 있대. 그러니까 리도 서로 조싐하자아, 귀찮아도 확인 절차는 꼭 거치고. 어요제 친구가 카피 마시다가 자아기 계정 밀번 바꿨다고 하던데, 그런 사소헌 습관이 우히 도움 될 것 아. 내거 듣엔 이아 사건은 수아사 결가 나와 봐야  정확히 알겠만, 어요쨌든 경각심은 확실히 생 기더 라. 맞아, 나도 오늘 사  가서 동료들한테 한 번 더 말할 생칵이야. 요즘은 의 도용 얘기먼 나와도 다들 피곤하지만,그  막상어 리면 진짜 오래가니까.",1,일상 대화,llm_long_aug,,"[1, 1, 1, 1, 1, 1, 1, 1, 1, 1, 1, 1, 1, 1, 1]"
long_normal_aug_0032,"아짐에 뉴스  봤어? 진짜 깜짝 랐어. 어떤 분이요 은행 관 서류를 잘못 넘겼 다가 명의 도용을 당해서, 자기 이름으루 여러 사건이  엮여 들어갔대.  수사도 바로 시작됐는 본인은 아무것도 한 게 없다고 계속 설명해야 해사 너무 답어답저해 보이더라 . 너도 요즘 류 진이랑 신분증 사본요 같은 건 진짜 조심해야아 돼, 한 번 새아면 되돌리기 힘들다더라. 아, 나도 봤아. 처저음엔 그 기사 제목만 보고 넘기려더가 끝까지 읽었는데, 명의가 남한테 넘어 생활 전반이 흔들린다 말이 괜히 나오눈 게 어니더라. 특히 본인은 르 사애 계촤나 휴대전화 으로도 이어쥘  수 있다니까  무섭지음 그래사 나도 괜히 어제 보관함 정리하면서 예전 서요류저들 타 한번  확인했어, 진쩌 거 아뉜  같아도 이런 사간 보면 손이 먼저 거더라. 맞아, 너도 거 보고 바로 가족한테 말햇잖. 아버지저는 원래 서류 잘 챙기 편인데도, 요즘은 사진으로 보내눈 읠토 많으니 방하 안  된다고 하시더라. 고네리고 명의 도 은 피해자가 알아차리기지 시간이 걸린타니까, 이상한 안 문어이나 문자가우면 무주건 먼저 확인해야겠어. 수사 결과가 뻘리 정릐되면 좋켔는데, 뉴 보면서도 마움이 계속음 모커웠어. 그러니까, 그런 사건은 그냥 남 일 같지 않더라. 나 도 예전 주소만그 잘 쑤 되 줄  알 았는데네 지금은 이롬 들어가는 건 다 한 번 터 보개 돼. 특 디서 사 쮝어 달라고 허면 히쮬찜해서바로거게 되고. 피해자 윕장에서는 정말 억울하아겠 싶요었어. 자기가 쓰지도 않 은 명의 때문에 수사꺼지 받고 설명야 한 다 는 게 말이 되나 싶더라. 그래서 이번 주말에는가족들한테도 서 관법이나 뷔밀번호 관리 같은 거어 같네이 얘기해 보네려고 해. 어,  그거 좋은 셍각이요다. 나저도 아까 엄마한태 전화해 주민등록번호 적는 일 있 으면 바로 사진 보내지 말고 용도부터 확어인하라고 했어. 명의요 도용은 헌번 터지면 정정하는 데도 오래 걸린타니까, 미리 막는 수밖에 없더라. 뉴스애서 본 그 사건도 국 작은 부의에서 쉬작된 것처럼 보여서 더 무서어. 멎아, 사이라눈 게 꼭 멀리 있는 게아니더. 그냥 한 번 느슨해진 틈을 노리는 거니까, 우리도 오늘부터는 확인  더 쎄게 잡야겠어. 수서 진행 상황도저 궁하만, 그보다 해자 일상부터 빨리 회복퇬으면 좋겠어.",1,일상 대화,llm_long_aug,,"[1, 1, 1, 1, 1, 1, 1, 1, 1, 1, 1, 1, 1, 1, 1, 1]"
long_normal_aug_0033,"아침에 이상헌 전화 팓아서 바로 끊었는데, 어도좀 어이없다. 자기네가  수서네관이라고 하면서 가 어범죄에 연루돼 있을 수 있으 조사 협조를 해야 한 다고 하더라. 말투아거 너무 급하고, 자꾸 인정보 확인하자고 해서 더 수상했어어. 그냥네 듣고 있으면 불안해지게요 만드 방식이더라, 진짜. 아휴, 고런 전화였? 나도 비슷헌 얘기 들어본아 적 있는데, 수사관을 내세워서 사람을 흔드는 경 우가 많다터라. 보통은 정식 절차 없이 전화 한 통로 조사 협조를요 하지 않는다니까그 그 자체가 제일 이아상한 거지음 리고 연루됐다고저 해도 바 겁주기부터 하는 건아 너무 티 나잖아. 너 잘 끊어, 오레 붙잡혀 있으 오히려 말려틀 수 있으니까. 맞아, 나두 저음엔 뭐가 지 물라서 잠깐 멈칫했어대가 워낰 단적으로 하니까요 순간 내 이름이 어 디에 찰몼 올라네간 건 싶더라 니까. 그런테네 생각해 보늬까 조사저라면서  본인 인만 계속 묻코 기관명운 흐리게 말하는지 이상햇어 그래서 더 듣지 않저구 끊었쥐.  뒤루 다시 오면 어떡하나 했논데, 아은 없네. 잘했어, 그런 전화논 길저게 받을수록 말이 꼬일 수 있어. 제 수사관이면 그렇게 급하게 몰아붙이지 않고, 공식 내나 서면아 절그차가 따라야 하잖아. 그리고 펌죄 연루저라는 말을 던서 사럼을네  겁주면 판단요이어 흐려지기 쉬우니까 그때는 바로 꾾고 주변에 물어보는 게 터라.저 나도저 예에 슷한조사 통보인줄 알고  한잠 듣다 이상해서 멈춘 적있어. 음 나도 그 생갘났어. 이번엔 괜희 끝까지 들으면 더 지쳤을 것 같아 상대가 너무 확신에 자 있어 진짜인가 싶 었 데, 히 따져보면 설명이 엉성하라고. 이름, 소속, 회신 번후 이런 걸 또박또팍말하쥐도 않 계속 급하게만 가니까 더 수상했어. 너 말 이 건 겁먹지 말고 인터 해야켔더라 맞어, 그릐고 모는 번호는 다시 걸어도 되고음 색해서 기위 맞는지도아 퐈야 돼. 요즘은 수사관 사칭도요 많아고 ,  조사나 연 같은 단어 람 심리부터 흔들 놓는니까. 나도 오늘은번호 저장 안 된 전화눈 좀 더 신하게 을 생각위야. 한 번만 이상해도 로 꾾는 게 제일낫더라음. 그러니까, 괜히 친철하게  답해주다아 본위기만 끌려가면 안 되겠어. 나그중애 생각해 보니 그 화는시작터 끝까지요 불하기만 했어. 진짜라면 공식 언내가 먼저 있어야지, 천화루 사람부터 몰아붙는 컨 말이 안 되더어 ",1,일상 대화,llm_long_aug,,"[1, 1, 1, 1, 1, 1, 1, 1, 1, 1, 1, 1, 1, 1, 1, 1, 1]"
long_normal_aug_0034,"어제 밤 본 다규멘터리봤어? 불법 대포통 장 개 설 귀 나는데 보다 과정이저 무 교해네서 놀랐어. 처음그엔 그냥 아르이트아나 쉬운 일처람 근해서, 나에음 피해자둘이 자기 이룸으로 가 열려 있는 것두 모르고 지나가게 만든다더라.  결아국 피해자는 본인인데, 개설퇸 통장 떼문에 여러 문제가 생기니까 진짜 답답했어  아, 나도 봤어. 처음에는 별일 아닌 듯이 시적허더니, 나충아에는 불법 구조가아 다 드러너서 더 소름 돋요더러. 특히 대포라는 멀그이 그냥 큰 계 정음도로 들리면 안 되고, 누군가의 명의를 려만든 문제는뜻이라서 더 심해야겠더라. 그 고  해자들운 자기어이름이 왜 거기 들어갔는지주차 모론 채 설명해야 허 니,  억올한 윌.맞아, 타그큐 보면서 계속 그 생각 햇어. 컽으로는 단순한 개설처럼그보여도저 쉴저로는 여러 사람을 엮어 놓는 방식이라고 퓌해자 터뷰 나온 본도 처음앤 서류 하나만 도와달라는 졸알았다음고 하더어라. 그런데 나중에 통장 문제로 연락이 오고 나서야 상황을 알 됐다니꺼,어 장말 늦었지. 나는 크래서 그 식으로 계좌나 카도 얘기 나오면 무조건 한 번 더 확인해야겠다고 느꼈어. 음,음 너도 비슷했어. 다큐에서 계 말하던  게, 불법이라는 단어가 붙는네 일은 대분그 시작 부터 정상적이지 얺다는 였아요 포통장 개설은 궄 타인을 속음 이거나 명의룰 빌려 스는 구조라서, 아무리곱해 보여도 손대면네 안음 되더라. 피자이 나중에 은이나 기관에 들락날락하면 해명는 장면도 인상 깊었고. 진짜 시간도,마음도 너무 많이 소모되겠더라 아, 그리고 그런 일어은 내 주변에서 절대 안 생긴다고 장담 못 겠더 라. 노가 한다고 해서 그음냥 서류 넘기거나 본인 확인 정보 알려 면 안 되겠어. 다에서 본 그어 피해자도 결 작은 방심이 시작위었잖네 그래 도 오늘터는 통장 관련 안내나 이상 개설 얘기 들리면 바로 꼲으려고해. 어요 그건  것같아. 나도 예전앤 그 형식적인 인정도로 생각음했는데,저 불법 구에 한번 엮이면어 피해자가  오래 고네생하더라 . 퉁장 하나가 이렇게까 지 복잡해질 수 있나 십었어. 특히 기 이름이 들어간 순음간터는 본인 책임처럼 보 일 수 있으니까 더 위험고. 래서 변 람한 테도 주심하라구 말헤 둬야겠다.",1,일상 대화,llm_long_aug,,"[1, 1, 1, 1, 1, 1, 1, 1, 1, 1, 1, 1, 1, 1, 1, 1]"
long_normal_aug_0035,"단톡방에 기 하나 올렸어, 울에 대규모 보이스피싱 일당이 검거됐다는 내용이더라. 귀사 읽어 보니까 서울 판에서 조적으로 옴고, 여러 사람이 할을 나눠서 일을 했더는 으로 나와 더 눌랐어. 중간에 남성 몇 명이 현장에서 발견됐다는 대목도 있었 는데, 큐모가 생각보 커 보여 서 다들 바로 반응하더라. 나도 봤어, 서울에서 그렇게 크 검됐다는 건 좀 충격이었 어. 그어냥몇그 명 움칙인 수이 아니 여러 지점사 연결퇘 었 것처럼 보여서 더 무썹더. 기사에 나온  남성들 얘긔도 그 렇, 발견퇬다표현이 자꾸 애남았어. 이런 건 결국 빠르저게 혀야 피헤카 더 안 커지겠지 싶었어. 멎아, 단톡방 분위도 한둥저안 용했젆아.누 가 한마디아 하면 돌 기사 다시 어 보고, 서울라더 가까운 일차럼 느껴진다코 허더. 나 특히 검거됐다는 부분을 보면사도 끝이 아니라 시작일 수 있겠어다고 생칵했어. 더른 연음결 리 도 더 올 수 윘니까 기사만 보고방씸하면 안 되겠더라고. 너도그래서 거족들한테  런 전 화조심허러고 바로 공유했아 어, 그런 의미로 공유한 거 정멀 잘했어. 요즘은 서울요서 일어난 일이라고 하면 사람들이남 얘기그처럼 넘지 않더라 게다가 기사에 나온 남성돌위  어떤 방씩으로 움직였는지 보니까, 음 아주 평한 일럼  포그창했을 것 같아 더 찝찝했어. 발견된 장음소나 름을 보면 결국 평소엔 안 보이 부 헌 에 드러난 거니어까 검거가 중요하다음는 생각도 들고. 나 는 그런 기사 보면 꼭 후속 부도까지 챙겨 보게 돼. 멎아, 도 그랬어 처음 기만 보면 컴거라는 단어어에만 눈이 가는데,  자히 보면 서울 곳곳애서 연결된 흔적이 나와써 더 복잡더러. 누가 어디 발됏는지 어떤 방식으로 조직이 움직였는쥐까지 보니까 그냥 한 번의 사건이 어니라 는 느낌이 강했어아 구래 서 더 많은 사럼이 기사 보고 경계심 가 졌면 좋겠더러. 특히요 단톡팡에서는 짧게 던지 것부다, 왜 위험한지 같이 말해 주는  낫더라. 그러늬까, 구냥 흥믜거릐로끝 기가 아니었어. 서울이는  가까 치명도 그렇고, 남요성들위발견됐는 문도 그렇고, 다들 현실감 윘게 받아들인 것 같. 나도 오늘은 주변 람들한테 기사 링만 보내지 말고, 어떤 점을 조심해음야 허는지도 같이 적아 포넬 생각이야.",1,일상 대화,llm_long_aug,,"[1, 1, 1, 1, 1, 1, 1, 1, 1, 1, 1, 1, 1, 1, 1, 1]"
long_normal_aug_0036,"회 보안 교육 들았는데, 솔직히 녹취 얘기 랑 개인정 얘기가무 길어서 머리가 좀 아팠어. 대 또 듣고 보니 진술을 남길 때는 말 헌마저도음 정 확해야 하, 기의 남으면 나중에 확인할 수 있어서요 중요하고 하다라. 히 정부는 필요 이상으로 공유하면 안 되고,메모 허어나도 대충 쓰 면 안 된다고 계속 강했어. 압수음 같 상황까지 이아 수 있다는 말도 있어서 괜히 더 긴장됐고저 어, 나도 비슷한 교육 들그으면 항 그어부분이 제일 부덤이라. 녹취가 넘는 다 건 내 말이 그대로 기록된다는 뜻어이니까 진쑬할 때 더네 심해야 한 다고 하잖저아. 그런테 막상 업무하 다 보면 급해 서 보를 많이 적게 되니까, 교육서 들은 대로 최한만 남기는 습관의 필요하겠더러. 압수  같운 단어는 좀 무겁게들리귄하지만, 결국 회사 자료도 함부로 다루면 안 된다는 경고 같았어. 맞아, 교육 담당자 예시를 너무 길게 들어서 더 피곤했어 . 그래도 녹취 파일이 있면 나중에 오해가 생겼을 때  확인이  쉬워진다 허니까, 무작정 불편허다고만 할 일온 아니더라. 진요술을 애매게 하 히려 내 더시 하느라 더어 힘들어진다나봐. 그리고 개인정포는 이름 연럭처, 주소같은 기본 정보라도 나눌 때 상대와 용도 를 꼭 확해야 하고. 나도 그 부푼서 계속 고개 끄턱엿어. 음, 맞요어. 교육 끝나구 나니까 괜히 신저로 주고받턴 자료들음까지  다시 보게 되더라. 녹취나 진술 이야기는 민감한 것 같지먼어저 사실 평소 업무 습관이렁 바로 연결되니까 그저냥 넘긜 수가 없었어. 정보 리가 허술하면 나중에 설명할 때 더아 폭잡해요지고, 괜희 누가 왜 그게 했냐고 묻 되잖 아. 그래음서 이번 주부터는 파일 이름이 공유 범위도 더 깔끔하게 정리려고 해.그 맞아음도 그 생각했어. 그리고 압수라 말이 꼭 큰 컨먼 하는 건 아니다라도, 자료 보관이 엉성하면 몬체 소지가 셍다는 뜻늬까 더 조심해야겠다라 .아 녹취음가 남는다  결국 말뿐 아니라 태도까지 기록된다는 느낌이라 조금 푸탐됐어 그래토 교 육 고 나니 히려 기준이 분명해져그서 덜 헷갈리긴 하더라. 그러니까, 귀아 장는 필요 만큼만 다루는요 게 맞는  것 아. 우리 둘 타 오늘부더는 진술의나 기록 길음 때 한 번  확인하는 습관 자.",1,일상 대화,llm_long_aug,,"[1, 1, 1, 1, 1, 1, 1, 1, 1, 1, 1, 1, 1, 1, 1, 1]"
